"id_all_raw_data","abundance","biomass","id_species","sample_desc","plot","latitude","longitude","depth","day","month","year","study_id"
2677,1,0,22,"47.400000_-95.120000_12_Control_0_Medium_1_1_1984","12",47.4,-95.12,NA,1,1,1984,10
2678,20,0,22,"47.400000_-95.120000_12_Control_0_Small_1_1_1984","12",47.4,-95.12,NA,1,1,1984,10
2679,1,0,22,"47.400000_-95.120000_12_Treefall_0_Medium_1_1_1984","12",47.4,-95.12,NA,1,1,1984,10
2680,5,0,22,"47.400000_-95.120000_12_Treefall_0_Small_1_1_1984","12",47.4,-95.12,NA,1,1,1984,10
2681,35,0,22,"47.400000_-95.120000_1_Control_0_Small_1_1_1984","1",47.4,-95.12,NA,1,1,1984,10
2682,9,0,22,"47.400000_-95.120000_1_Control_Base_Small_1_1_1984","1",47.4,-95.12,NA,1,1,1984,10
2683,4,0,22,"47.400000_-95.120000_1_Treefall_0_Small_1_1_1984","1",47.4,-95.12,NA,1,1,1984,10
2684,6,0,22,"47.400000_-95.120000_1_Treefall_Base_Small_1_1_1984","1",47.4,-95.12,NA,1,1,1984,10
2685,22,0,22,"47.400000_-95.120000_2_Control_0_Small_1_1_1984","2",47.4,-95.12,NA,1,1,1984,10
2686,16,0,22,"47.400000_-95.120000_2_Control_Base_Small_1_1_1984","2",47.4,-95.12,NA,1,1,1984,10
3649958,1,0,4634,"43.992800_-89.494600_NorthTempLakes_MO_TRAMML_1_1_1_2009","",43.9928,-89.4946,NA,1,1,2009,57
3649959,7,0,4700,"43.992800_-89.494600_NorthTempLakes_AL_BSEINE_11_1_1_1981","",43.9928,-89.4946,NA,1,1,1981,57
3649960,1,0,4700,"43.992800_-89.494600_NorthTempLakes_AL_FYKNET_4_1_1_1981","",43.9928,-89.4946,NA,1,1,1981,57
3649961,1,0,4700,"43.992800_-89.494600_NorthTempLakes_AL_MINNOW_20_1_1_1981","",43.9928,-89.4946,NA,1,1,1981,57
3649962,7,0,4700,"43.992800_-89.494600_NorthTempLakes_BM_BSEINE_9_1_1_1981","",43.9928,-89.4946,NA,1,1,1981,57
3649963,1,0,4700,"43.992800_-89.494600_NorthTempLakes_BM_CRAYTR_20_1_1_1981","",43.9928,-89.4946,NA,1,1,1981,57
3649964,9,0,4700,"43.992800_-89.494600_NorthTempLakes_BM_ELFISH_2_1_1_1981","",43.9928,-89.4946,NA,1,1,1981,57
3649965,20,0,4700,"43.992800_-89.494600_NorthTempLakes_BM_FYKNET_4_1_1_1981","",43.9928,-89.4946,NA,1,1,1981,57
3649966,18,0,4700,"43.992800_-89.494600_NorthTempLakes_BM_MINNOW_20_1_1_1981","",43.9928,-89.4946,NA,1,1,1981,57
3649967,8,0,4700,"43.992800_-89.494600_NorthTempLakes_BM_TRAMML_2_1_1_1981","",43.9928,-89.4946,NA,1,1,1981,57
4648623,1,0,8992,"43.325000_-124.314000_USA_Estuaries__1_8_2002","",43.325,-124.314,NA,1,8,2002,162
4648624,1,0,8992,"43.377000_-124.188000_USA_Estuaries__8_8_2002","",43.377,-124.188,NA,8,8,2002,162
4648625,1,0,8992,"43.387000_-124.198000_USA_Estuaries__8_8_2002","",43.387,-124.198,NA,8,8,2002,162
4648626,1,0,8992,"43.410000_-124.200000_USA_Estuaries_1.9_25_8_1999","",43.41,-124.2,NA,25,8,1999,162
4648627,1,0,8992,"43.414000_-124.207000_USA_Estuaries_1_25_8_1999","",43.414,-124.207,NA,25,8,1999,162
4648628,1,0,8992,"44.446000_-124.047000_USA_Estuaries__29_8_2002","",44.446,-124.047,NA,29,8,2002,162
4648629,1,0,8992,"44.572000_-124.009000_USA_Estuaries__27_8_2002","",44.572,-124.009,NA,27,8,2002,162
4648630,1,0,8992,"44.609000_-124.021000_USA_Estuaries__27_8_2002","",44.609,-124.021,NA,27,8,2002,162
4648631,1,0,8992,"45.507000_-123.938000_USA_Estuaries__11_7_2002","",45.507,-123.938,NA,11,7,2002,162
4648632,1,0,8992,"46.522000_-123.927000_USA_Estuaries__22_8_2002","",46.522,-123.927,NA,22,8,2002,162
10529772,1,16,2709,"3_19_03_29_2000","3_19",32.51433,-106.778268,0,29,3,2000,321
10529773,1,0,2709,"3_19_03_31_2000","3_19",32.51433,-106.778268,0,31,3,2000,321
10529774,1,13,2709,"1_121_10_16_2002","1_12",32.514334,-106.769829,0,16,10,2002,321
10529775,1,0,2709,"1_122_04_08_2005","1_12",32.514334,-106.769829,0,4,8,2005,321
10529776,1,18,2709,"3_141_10_17_2007","3_14",32.514412,-106.778267,0,17,10,2007,321
10529777,1,0,2709,"3_141_10_18_2002","3_14",32.514412,-106.778267,0,18,10,2002,321
10529778,1,0,2709,"3_142_04_16_2004","3_14",32.514412,-106.778267,0,16,4,2004,321
10529779,1,15,2709,"3_142_10_06_2005","3_14",32.514412,-106.778267,0,10,6,2005,321
10529780,1,0,2709,"1_11_10_31_2003","1_11",32.514433,-106.769829,0,31,10,2003,321
10529781,1,15,2709,"3_7_10_28_1997","3_7",32.514434,-106.778787,0,28,10,1997,321
10529782,1,0,2709,"3_51_09_30_2005","3_51",32.514451,-106.777724,0,30,9,2005,321
10529783,1,0,2709,"3_51_10_21_2004","3_51",32.514451,-106.777724,0,21,10,2004,321
10529784,1,0,2709,"3_52_10_18_2007","3_52",32.514451,-106.777724,0,18,10,2007,321
10529785,1,13,2709,"3_54_04_19_1998","3_54",32.514451,-106.777724,0,19,4,1998,321
10529786,1,16,2709,"3_129_10_20_2004","3_12",32.514503,-106.778267,0,20,10,2004,321
10529787,1,0,2709,"3_129_10_21_2004","3_12",32.514503,-106.778267,0,21,10,2004,321
10529788,1,16,2709,"3_66_11_15_2006","3_66",32.514515,-106.778734,0,15,11,2006,321
10529789,1,14,2709,"3_48_04_18_1998","3_48",32.514529,-106.777779,0,18,4,1998,321
10529790,1,14,2709,"1_100_04_18_1998","1_10",32.51453,-106.769832,0,18,4,1998,321
10529791,1,13,2709,"3_65_10_04_2005","3_65",32.514592,-106.778684,0,10,4,2005,321
10529792,1,17,2709,"3_45_09_29_2005","3_45",32.514604,-106.777833,0,29,9,2005,321
10529793,1,14,2709,"3_45_10_04_2005","3_45",32.514604,-106.777833,0,10,4,2005,321
10529794,1,14,2709,"1_31_10_14_2004","1_31",32.514605,-106.770271,0,14,10,2004,321
10529795,1,0,2709,"2_102_04_15_2004","2_10",32.514611,-106.769836,0,15,4,2004,321
10529796,1,0,2709,"2_102_04_16_2004","2_10",32.514611,-106.769836,0,16,4,2004,321
10529797,1,14,2709,"1_145_10_13_2004","1_14",32.514612,-106.769423,0,13,10,2004,321
10529798,1,16,2709,"1_17_10_04_2005","1_17",32.514612,-106.769423,0,10,4,2005,321
10529799,1,18,2709,"1_17_10_16_2007","1_17",32.514612,-106.769423,0,16,10,2007,321
10529800,1,0,2709,"3_43_10_30_1997","3_43",32.514679,-106.777886,0,30,10,1997,321
10529801,1,0,2709,"1_26_10_14_2004","1_26",32.514682,-106.770218,0,14,10,2004,321
10529802,1,12,2709,"1_27_10_30_2003","1_27",32.514682,-106.770218,0,30,10,2003,321
10529803,1,12,2709,"1_28_10_29_2003","1_28",32.514682,-106.770218,0,29,10,2003,321
10529804,1,15,2709,"1_3_04_12_2005","1_3",32.514682,-106.770218,0,4,12,2005,321
10529805,1,17,2709,"1_3_04_20_1998","1_3",32.514682,-106.770218,0,20,4,1998,321
10529806,1,18,2709,"1_145_04_12_2005","1_14",32.514693,-106.769475,0,4,12,2005,321
10529807,1,0,2709,"3_41_10_20_2004","3_41",32.514758,-106.777941,0,20,10,2004,321
10529808,1,0,2709,"3_8_10_29_1997","3_8",32.514763,-106.779179,0,29,10,1997,321
10529809,1,0,2709,"3_80_10_09_2007","3_80",32.514763,-106.779179,0,10,9,2007,321
10529810,1,0,2709,"3_82_09_30_2005","3_82",32.514763,-106.779179,0,30,9,2005,321
10529811,1,17,2709,"1_80_10_04_2005","1_80",32.514786,-106.769842,0,10,4,2005,321
10529812,1,12,2709,"1_80_10_05_2005","1_80",32.514786,-106.769842,0,10,5,2005,321
10529813,1,0,2709,"1_80_10_06_2005","1_80",32.514786,-106.769842,0,10,6,2005,321
10529814,1,0,2709,"1_48_04_08_2005","1_48",32.514788,-106.770763,0,4,8,2005,321
10529815,1,12,2709,"1_136_11_15_2006","1_13",32.514798,-106.768924,0,15,11,2006,321
10529816,1,10,2709,"1_138_04_08_2003","1_13",32.514798,-106.768924,0,4,8,2003,321
10529817,1,15,2709,"1_138_04_14_2004","1_13",32.514798,-106.768924,0,14,4,2004,321
10529818,1,13,2709,"3_79_10_05_2005","3_79",32.514811,-106.779097,0,10,5,2005,321
10529819,1,15,2709,"3_8_10_11_2002","3_8",32.514811,-106.779097,0,10,11,2002,321
10529820,1,0,2709,"3_4_10_29_1997","3_4",32.514832,-106.778001,0,29,10,1997,321
10529821,1,14,2709,"3_40_10_11_2001","3_40",32.514832,-106.778001,0,10,11,2001,321
10529822,1,11,2709,"3_59_04_13_2005","3_59",32.514833,-106.778535,0,13,4,2005,321
10529823,1,13,2709,"3_59_04_15_2004","3_59",32.514833,-106.778535,0,15,4,2004,321
10529824,1,0,2709,"3_59_04_16_2004","3_59",32.514833,-106.778535,0,16,4,2004,321
10529825,1,15,2709,"3_33_04_10_1996","3_33",32.514837,-106.777442,0,4,10,1996,321
10529826,1,0,2709,"1_24_04_22_2004","1_24",32.514841,-106.770115,0,22,4,2004,321
10529827,1,0,2709,"3_76_10_06_2005","3_76",32.514862,-106.779003,0,10,6,2005,321
10529828,1,0,2709,"1_132_04_21_2004","1_13",32.514884,-106.769112,0,21,4,2004,321
10529829,1,17,2709,"3_73_10_19_2004","3_73",32.514901,-106.778915,0,19,10,2004,321
10529830,1,0,2709,"3_73_10_21_2004","3_73",32.514901,-106.778915,0,21,10,2004,321
10529831,1,12,2709,"3_75_09_29_2005","3_75",32.514901,-106.778915,0,29,9,2005,321
10529832,1,0,2709,"3_76_10_05_2005","3_76",32.514901,-106.778915,0,10,5,2005,321
10529833,1,14,2709,"3_58_10_06_2005","3_58",32.514906,-106.77848,0,10,6,2005,321
10529834,1,14,2709,"3_36_10_31_2003","3_36",32.514908,-106.77806,0,31,10,2003,321
10529835,1,16,2709,"1_24_04_06_2005","1_24",32.514916,-106.770064,0,4,6,2005,321
10529836,1,20,2709,"3_25_10_13_2004","3_25",32.514922,-106.777627,0,13,10,2004,321
10529837,1,16,2709,"3_27_03_29_2000","3_27",32.514922,-106.777627,0,29,3,2000,321
10529838,1,15,2709,"3_28_04_16_2004","3_28",32.514922,-106.777627,0,16,4,2004,321
10529839,1,0,2709,"3_28_10_06_2005","3_28",32.514922,-106.777627,0,10,6,2005,321
10529840,1,0,2709,"1_142_10_05_2005","1_14",32.514929,-106.76964,0,10,5,2005,321
10529841,1,0,2709,"1_131_10_31_2003","1_13",32.514931,-106.769205,0,31,10,2003,321
10529842,1,0,2709,"1_42_10_06_2005","1_42",32.514931,-106.770496,0,10,6,2005,321
10529843,1,15,2709,"3_24_10_10_2007","3_24",32.514964,-106.777721,0,10,10,2007,321
10529844,1,0,2709,"3_24_10_14_2004","3_24",32.514964,-106.777721,0,14,10,2004,321
10529845,1,13,2709,"3_24_10_16_2002","3_24",32.514964,-106.777721,0,16,10,2002,321
10529846,1,13,2709,"3_24_10_21_2004","3_24",32.514964,-106.777721,0,21,10,2004,321
10529847,1,12,2709,"1_41_10_04_2005","1_41",32.514974,-106.770402,0,10,4,2005,321
10529848,1,15,2709,"1_131_04_20_2004","1_13",32.51498,-106.769297,0,20,4,2004,321
10529849,1,18,2709,"3_36_10_17_2007","3_36",32.514987,-106.778112,0,17,10,2007,321
10529850,1,0,2709,"3_23_10_17_2002","3_23",32.515008,-106.777813,0,17,10,2002,321
10529851,1,17,2709,"1_38_10_18_2002","1_38",32.515018,-106.770307,0,18,10,2002,321
10529852,1,16,2709,"3_71_10_18_2002","3_71",32.515044,-106.778641,0,18,10,2002,321
10529853,1,17,2709,"3_23_04_12_2005","3_23",32.515094,-106.777999,0,4,12,2005,321
10529854,1,14,2709,"1_25_04_12_2005","1_25",32.515139,-106.769844,0,4,12,2005,321
10529855,1,13,2709,"3_35_04_08_2003","3_35",32.515143,-106.778222,0,4,8,2003,321
10529856,1,0,2709,"3_35_04_09_2003","3_35",32.515143,-106.778222,0,4,9,2003,321
10529857,1,13,2709,"3_70_10_09_2007","3_70",32.515157,-106.778416,0,10,9,2007,321
10529858,1,10,2709,"3_128_11_17_2006","3_12",32.515176,-106.778278,0,17,11,2006,321
10529859,1,13,2709,"3_22_10_20_2004","3_22",32.515178,-106.778183,0,20,10,2004,321
10529860,1,18,2709,"3_34_10_18_2007","3_34",32.515182,-106.778249,0,18,10,2007,321
10529861,1,16,2709,"3_30_10_18_2007","3_30",32.515183,-106.778302,0,18,10,2007,321
10529862,1,15,2709,"3_22_10_14_2004","3_22",32.515197,-106.778232,0,14,10,2004,321
10529863,1,0,2709,"3_22_10_15_2004","3_22",32.515197,-106.778232,0,15,10,2004,321
10529864,1,18,2709,"2_45_10_13_2004","2_45",32.515209,-106.773355,0,13,10,2004,321
10529865,1,11,2709,"3_92_03_30_2000","3_92",32.515212,-106.779229,0,30,3,2000,321
10529866,1,11,2709,"3_92_04_09_2003","3_92",32.515212,-106.779229,0,4,9,2003,321
10529867,1,0,2709,"2_35_04_16_2004","2_35",32.51522,-106.772286,0,16,4,2004,321
10529868,1,14,2709,"2_35_10_29_1997","2_35",32.51522,-106.772286,0,29,10,1997,321
10529869,1,12,2709,"3_54_09_29_2005","3_54",32.515222,-106.778276,0,29,9,2005,321
10529870,1,9,2709,"3_87_10_28_1997","3_87",32.515223,-106.778912,0,28,10,1997,321
10529871,1,0,2709,"1_56_10_18_2007","1_56",32.515227,-106.770813,0,18,10,2007,321
10529872,1,0,2709,"1_57_10_16_2007","1_57",32.515228,-106.77092,0,16,10,2007,321
10529873,1,16,2709,"1_57_10_17_2007","1_57",32.515228,-106.77092,0,17,10,2007,321
10529874,1,0,2709,"1_54_04_24_2003","1_54",32.515236,-106.770601,0,24,4,2003,321
10529875,1,15,2709,"1_54_10_13_2004","1_54",32.515236,-106.770601,0,13,10,2004,321
10529876,1,15,2709,"1_55_10_09_2007","1_55",32.515236,-106.770601,0,10,9,2007,321
10529877,1,15,2709,"1_55_10_17_2007","1_55",32.515236,-106.770601,0,17,10,2007,321
10529878,1,14,2709,"3_144_04_20_1999","3_14",32.515236,-106.777535,0,20,4,1999,321
10529879,1,16,2709,"3_144_10_10_2007","3_14",32.515236,-106.777535,0,10,10,2007,321
10529880,1,14,2709,"3_144_10_20_2004","3_14",32.515236,-106.777535,0,20,10,2004,321
10529881,1,14,2709,"3_144_11_14_2006","3_14",32.515236,-106.777425,0,14,11,2006,321
10529882,1,0,2709,"3_144_11_16_2006","3_14",32.515236,-106.777425,0,16,11,2006,321
10529883,1,17,2709,"3_145_04_07_2005","3_14",32.515236,-106.777425,0,4,7,2005,321
10529884,1,19,2709,"3_145_04_15_2004","3_14",32.515236,-106.777425,0,15,4,2004,321
10529885,1,14,2709,"3_145_10_17_2007","3_14",32.515236,-106.777425,0,17,10,2007,321
10529886,1,0,2709,"3_145_10_21_2004","3_14",32.515236,-106.777425,0,21,10,2004,321
10529887,1,0,2709,"3_144_04_15_2004","3_14",32.515237,-106.777639,0,15,4,2004,321
10529888,1,12,2709,"3_17_10_29_1998","3_17",32.515237,-106.777321,0,29,10,1998,321
10529889,1,0,2709,"3_18_10_06_2005","3_18",32.515237,-106.777321,0,10,6,2005,321
10529890,1,0,2709,"3_21_10_05_2005","3_21",32.515238,-106.777216,0,10,5,2005,321
10529891,1,0,2709,"3_21_10_18_2007","3_21",32.515238,-106.777216,0,18,10,2007,321
10529892,1,13,2709,"3_22_04_07_2005","3_22",32.515238,-106.777216,0,4,7,2005,321
10529893,1,17,2709,"3_22_04_08_2005","3_22",32.515238,-106.777216,0,4,8,2005,321
10529894,1,11,2709,"1_52_10_06_2005","1_52",32.515238,-106.770387,0,10,6,2005,321
10529895,1,16,2709,"1_53_04_06_2005","1_53",32.515238,-106.770387,0,4,6,2005,321
10529896,1,15,2709,"1_53_04_23_2003","1_53",32.515238,-106.770387,0,23,4,2003,321
10529897,1,0,2709,"1_50_04_21_2004","1_50",32.515242,-106.770284,0,21,4,2004,321
10529898,1,14,2709,"1_50_10_13_2004","1_50",32.515242,-106.770284,0,13,10,2004,321
10529899,1,0,2709,"1_50_10_15_2004","1_50",32.515242,-106.770284,0,15,10,2004,321
10529900,1,13,2709,"1_11_04_23_2003","1_11",32.515248,-106.769816,0,23,4,2003,321
10529901,1,11,2709,"1_11_10_06_2005","1_11",32.515248,-106.769816,0,10,6,2005,321
10529902,1,14,2709,"1_123_10_17_2007","1_12",32.51525,-106.768791,0,17,10,2007,321
10529903,1,15,2709,"1_126_10_18_2002","1_12",32.51525,-106.768791,0,18,10,2002,321
10529904,1,12,2709,"1_22_10_21_2004","1_22",32.515251,-106.769861,0,21,10,2004,321
10529905,1,13,2709,"1_119_10_05_2005","1_11",32.515255,-106.769117,0,10,5,2005,321
10529906,1,0,2709,"1_119_10_06_2005","1_11",32.515255,-106.769117,0,10,6,2005,321
10529907,1,14,2709,"1_58_10_05_2005","1_58",32.515267,-106.769905,0,10,5,2005,321
10529908,1,11,2709,"1_58_10_06_2005","1_58",32.515267,-106.769905,0,10,6,2005,321
10529909,1,0,2709,"1_99_10_05_2005","1_99",32.51528,-106.769838,0,10,5,2005,321
10529910,1,0,2709,"1_59_10_06_2005","1_59",32.515294,-106.769948,0,10,6,2005,321
10529911,1,13,2709,"2_33_10_29_1997","2_33",32.515295,-106.77234,0,29,10,1997,321
10529912,1,0,2709,"3_13_10_30_1997","3_13",32.515319,-106.778097,0,30,10,1997,321
10529913,1,16,2709,"3_13_11_14_2006","3_13",32.515319,-106.778097,0,14,11,2006,321
10529914,1,0,2709,"1_100_10_30_2003","1_10",32.515339,-106.769677,0,30,10,2003,321
10529915,1,0,2709,"1_85_10_30_1997","1_85",32.515342,-106.769864,0,30,10,1997,321
10529916,1,12,2709,"2_10_09_29_2005","2_10",32.515353,-106.769782,0,29,9,2005,321
10529917,1,0,2709,"2_10_09_30_2005","2_10",32.515353,-106.769782,0,30,9,2005,321
10529918,1,15,2709,"3_131_04_10_2003","3_13",32.515362,-106.778003,0,4,10,2003,321
10529919,1,16,2709,"2_43_10_06_2005","2_43",32.515364,-106.77325,0,10,6,2005,321
10529920,1,15,2709,"2_43_10_18_2007","2_43",32.515364,-106.77325,0,18,10,2007,321
10529921,1,15,2709,"2_44_04_13_2005","2_44",32.515364,-106.77325,0,13,4,2005,321
10529922,1,18,2709,"3_113_04_20_2004","3_11",32.515367,-106.772822,0,20,4,2004,321
10529923,1,15,2709,"3_113_10_13_2004","3_11",32.515367,-106.772822,0,13,10,2004,321
10529924,1,0,2709,"3_113_10_15_2004","3_11",32.515367,-106.772822,0,15,10,2004,321
10529925,1,13,2709,"3_113_10_18_2000","3_11",32.515367,-106.772822,0,18,10,2000,321
10529926,1,0,2709,"3_113_10_19_2000","3_11",32.515367,-106.772822,0,19,10,2000,321
10529927,1,16,2709,"1_73_10_17_2007","1_73",32.515372,-106.769942,0,17,10,2007,321
10529928,1,16,2709,"2_100_04_09_2003","2_10",32.515393,-106.769759,0,4,9,2003,321
10529929,1,0,2709,"3_131_04_21_2004","3_13",32.515399,-106.777904,0,21,4,2004,321
10529930,1,0,2709,"1_62_04_09_2003","1_62",32.515422,-106.770234,0,4,9,2003,321
10529931,1,14,2709,"1_103_04_23_2003","1_10",32.515439,-106.769484,0,23,4,2003,321
10529932,1,16,2709,"1_88_04_17_1997","1_88",32.515445,-106.769861,0,17,4,1997,321
10529933,1,12,2709,"1_88_10_04_2005","1_88",32.515445,-106.769861,0,10,4,2005,321
10529934,1,12,2709,"3_95_10_04_2005","3_95",32.515447,-106.77874,0,10,4,2005,321
10529935,1,15,2709,"2_30_10_10_2007","2_30",32.515451,-106.772449,0,10,10,2007,321
10529936,1,0,2709,"2_30_10_21_2004","2_30",32.515451,-106.772449,0,21,10,2004,321
10529937,1,11,2709,"2_32_09_29_2005","2_32",32.515451,-106.772449,0,29,9,2005,321
10529938,1,15,2709,"1_66_10_16_2007","1_66",32.515501,-106.77041,0,16,10,2007,321
10529939,1,0,2709,"1_66_10_17_2007","1_66",32.515501,-106.77041,0,17,10,2007,321
10529940,1,14,2709,"3_132_10_14_2004","3_13",32.515502,-106.77773,0,14,10,2004,321
10529941,1,15,2709,"3_133_04_06_2005","3_13",32.515502,-106.77773,0,4,6,2005,321
10529942,1,0,2709,"3_133_04_07_2005","3_13",32.515502,-106.77773,0,4,7,2005,321
10529943,1,0,2709,"2_56_04_07_2005","2_56",32.51552,-106.773726,0,4,7,2005,321
10529944,1,0,2709,"2_56_04_08_2005","2_56",32.51552,-106.773726,0,4,8,2005,321
10529945,1,12,2709,"2_56_10_30_2003","2_56",32.51552,-106.773726,0,30,10,2003,321
10529946,1,0,2709,"2_56_10_31_2003","2_56",32.51552,-106.773726,0,31,10,2003,321
10529947,1,0,2709,"2_57_03_22_2001","2_57",32.51552,-106.773726,0,22,3,2001,321
10529948,1,0,2709,"1_105_04_25_2003","1_10",32.515525,-106.769315,0,25,4,2003,321
10529949,1,16,2709,"2_30_04_17_1997","2_30",32.515526,-106.772502,0,17,4,1997,321
10529950,1,0,2709,"2_95_04_10_2003","2_95",32.515542,-106.772824,0,4,10,2003,321
10529951,1,14,2709,"1_68_04_21_2004","1_68",32.515549,-106.770502,0,21,4,2004,321
10529952,1,18,2709,"3_133_10_17_2007","3_13",32.515552,-106.777642,0,17,10,2007,321
10529953,1,13,2709,"3_133_11_15_2006","3_13",32.515552,-106.777642,0,15,11,2006,321
10529954,1,0,2709,"3_135_10_05_2005","3_13",32.515552,-106.777642,0,10,5,2005,321
10529955,1,15,2709,"2_102_10_22_2003","2_10",32.515554,-106.769652,0,22,10,2003,321
10529956,1,0,2709,"2_102_10_23_2003","2_10",32.515554,-106.769652,0,23,10,2003,321
10529957,1,11,2709,"2_53_10_30_1998","2_53",32.515564,-106.773636,0,30,10,1998,321
10529958,1,0,2709,"2_54_04_16_2004","2_54",32.515564,-106.773636,0,16,4,2004,321
10529959,1,12,2709,"2_54_10_04_2005","2_54",32.515564,-106.773636,0,10,4,2005,321
10529960,1,15,2709,"3_96_10_18_2002","3_96",32.515579,-106.779016,0,18,10,2002,321
10529961,1,14,2709,"1_7_10_20_2004","1_7",32.515581,-106.770609,0,20,10,2004,321
10529962,1,13,2709,"2_19_10_06_2005","2_19",32.515587,-106.771992,0,10,6,2005,321
10529963,1,18,2709,"3_137_04_16_1997","3_13",32.515593,-106.777551,0,16,4,1997,321
10529964,1,0,2709,"3_137_04_22_2004","3_13",32.515593,-106.777551,0,22,4,2004,321
10529965,1,16,2709,"3_137_10_09_2007","3_13",32.515593,-106.777551,0,10,9,2007,321
10529966,1,0,2709,"3_137_10_11_2007","3_13",32.515593,-106.777551,0,10,11,2007,321
10529967,1,0,2709,"3_137_10_15_2004","3_13",32.515593,-106.777551,0,15,10,2004,321
10529968,1,16,2709,"2_28_10_04_2005","2_28",32.515601,-106.772561,0,10,4,2005,321
10529969,1,0,2709,"2_28_10_06_2005","2_28",32.515601,-106.772561,0,10,6,2005,321
10529970,1,13,2709,"2_28_10_18_1996","2_28",32.515601,-106.772561,0,18,10,1996,321
10529971,1,12,2709,"1_77_10_20_2000","1_77",32.51563,-106.770138,0,20,10,2000,321
10529972,1,15,2709,"2_103_04_10_1996","2_10",32.51563,-106.769601,0,4,10,1996,321
10529973,1,0,2709,"2_87_10_30_1997","2_87",32.515633,-106.772826,0,30,10,1997,321
10529974,1,0,2709,"2_16_10_06_2005","2_16",32.515635,-106.772082,0,10,6,2005,321
10529975,1,15,2709,"2_17_10_04_2005","2_17",32.515635,-106.772082,0,10,4,2005,321
10529976,1,0,2709,"2_17_10_05_2005","2_17",32.515635,-106.772082,0,10,5,2005,321
10529977,1,13,2709,"2_17_10_06_2005","2_17",32.515635,-106.772082,0,10,6,2005,321
10529978,1,14,2709,"1_70_10_30_2003","1_70",32.515636,-106.770695,0,30,10,2003,321
10529979,1,0,2709,"1_70_10_31_2003","1_70",32.515636,-106.770695,0,31,10,2003,321
10529980,1,0,2709,"2_48_10_30_2003","2_48",32.515652,-106.773464,0,30,10,2003,321
10529981,1,0,2709,"2_49_10_30_1997","2_49",32.515652,-106.773464,0,30,10,1997,321
10529982,1,15,2709,"1_107_10_15_2004","1_10",32.515672,-106.769034,0,15,10,2004,321
10529983,1,16,2709,"2_4_10_16_2002","2_4",32.515678,-106.773046,0,16,10,2002,321
10529984,1,0,2709,"2_40_09_30_2005","2_40",32.515678,-106.773046,0,30,9,2005,321
10529985,1,0,2709,"2_15_10_05_2005","2_15",32.515679,-106.772183,0,10,5,2005,321
10529986,1,14,2709,"3_14_10_16_2002","3_14",32.515687,-106.777364,0,16,10,2002,321
10529987,1,0,2709,"3_14_10_17_2002","3_14",32.515687,-106.777364,0,17,10,2002,321
10529988,1,13,2709,"3_14_10_18_2002","3_14",32.515687,-106.777364,0,18,10,2002,321
10529989,1,14,2709,"3_14_10_30_2003","3_14",32.515687,-106.777364,0,30,10,2003,321
10529990,1,0,2709,"3_14_10_31_2003","3_14",32.515687,-106.777364,0,31,10,2003,321
10529991,1,14,2709,"3_140_09_28_2005","3_14",32.515687,-106.777364,0,28,9,2005,321
10529992,1,0,2709,"3_140_09_30_2005","3_14",32.515687,-106.777364,0,30,9,2005,321
10529993,1,19,2709,"2_48_04_20_2004","2_48",32.515703,-106.773372,0,20,4,2004,321
10529994,1,16,2709,"2_48_10_05_2005","2_48",32.515703,-106.773372,0,10,5,2005,321
10529995,1,14,2709,"2_48_10_06_2005","2_48",32.515703,-106.773372,0,10,6,2005,321
10529996,1,0,2709,"1_90_10_18_2007","1_90",32.515705,-106.769872,0,18,10,2007,321
10529997,1,8,2709,"2_144_10_18_2007","2_14",32.515723,-106.772271,0,18,10,2007,321
10529998,1,12,2709,"2_74_10_17_2007","2_74",32.515724,-106.772832,0,17,10,2007,321
10529999,1,13,2709,"2_74_10_30_2003","2_74",32.515724,-106.772832,0,30,10,2003,321
10530000,1,0,2709,"2_75_10_06_2005","2_75",32.515724,-106.772832,0,10,6,2005,321
10530001,1,0,2709,"2_24_09_29_2005","2_24",32.515759,-106.772664,0,29,9,2005,321
10530002,1,0,2709,"2_48_04_13_2005","2_48",32.515763,-106.773282,0,13,4,2005,321
10530003,1,15,2709,"2_104_10_17_2002","2_10",32.515791,-106.769491,0,17,10,2002,321
10530004,1,12,2709,"2_104_10_29_1997","2_10",32.515791,-106.769491,0,29,10,1997,321
10530005,1,12,2709,"2_104_10_29_1997","2_10",32.515791,-106.769491,0,29,10,1997,321
10530006,1,0,2709,"2_105_04_07_2005","2_10",32.515791,-106.769491,0,4,7,2005,321
10530007,1,16,2709,"1_93_10_06_2005","1_93",32.515796,-106.769877,0,10,6,2005,321
10530008,1,0,2709,"1_80_10_21_2004","1_80",32.515867,-106.770297,0,21,10,2004,321
10530009,1,0,2709,"2_36_10_11_2007","2_36",32.515872,-106.772907,0,10,11,2007,321
10530010,1,14,2709,"2_46_10_17_2007","2_46",32.5159,-106.773013,0,17,10,2007,321
10530011,1,18,2709,"2_46_10_29_2003","2_46",32.5159,-106.773013,0,29,10,2003,321
10530012,1,18,2709,"2_46_10_09_2007","2_46",32.515942,-106.772921,0,10,9,2007,321
10530013,1,0,2709,"2_142_10_06_2005","2_14",32.515949,-106.772733,0,10,6,2005,321
10530014,1,15,2709,"2_106_10_06_2005","2_10",32.515955,-106.769395,0,10,6,2005,321
10530015,1,0,2709,"2_66_10_10_2007","2_66",32.515965,-106.773581,0,10,10,2007,321
10530016,1,19,2709,"2_66_10_18_2007","2_66",32.515965,-106.773581,0,18,10,2007,321
10530017,1,0,2709,"2_66_10_30_2003","2_66",32.515965,-106.773581,0,30,10,2003,321
10530018,1,0,2709,"2_67_04_19_1998","2_67",32.515965,-106.773581,0,19,4,1998,321
10530019,1,14,2709,"2_67_10_09_2007","2_67",32.515969,-106.773686,0,10,9,2007,321
10530020,1,0,2709,"2_69_10_06_2005","2_69",32.515972,-106.773789,0,10,6,2005,321
10530021,1,0,2709,"2_69_10_18_2007","2_69",32.515972,-106.773789,0,18,10,2007,321
10530022,1,0,2709,"2_70_04_15_2004","2_70",32.51598,-106.773898,0,15,4,2004,321
10530023,1,0,2709,"2_61_10_10_2007","2_61",32.515987,-106.773254,0,10,10,2007,321
10530024,1,0,2709,"2_6_10_18_2002","2_6",32.515989,-106.773144,0,18,10,2002,321
10530025,1,13,2709,"2_36_04_14_2004","2_36",32.515992,-106.772823,0,14,4,2004,321
10530026,1,15,2709,"2_36_04_15_2004","2_36",32.515992,-106.772823,0,15,4,2004,321
10530027,1,14,2709,"2_128_10_20_2004","2_12",32.515994,-106.772503,0,20,10,2004,321
10530028,1,15,2709,"2_58_04_12_2005","2_58",32.515994,-106.772878,0,4,12,2005,321
10530029,1,18,2709,"2_58_04_13_2005","2_58",32.515994,-106.772878,0,13,4,2005,321
10530030,1,14,2709,"2_133_10_18_1996","2_13",32.515997,-106.771977,0,18,10,1996,321
10530031,1,14,2709,"2_134_10_18_2007","2_13",32.515997,-106.771977,0,18,10,2007,321
10530032,1,0,2709,"2_135_10_17_2002","2_13",32.515999,-106.771878,0,17,10,2002,321
10530033,1,0,2709,"2_135_10_17_2002","2_13",32.515999,-106.771878,0,17,10,2002,321
10530034,1,15,2709,"2_141_10_19_2004","2_14",32.516,-106.771761,0,19,10,2004,321
10530035,1,0,2709,"2_141_10_21_2004","2_14",32.516,-106.771761,0,21,10,2004,321
10530036,1,17,2709,"2_73_04_10_2003","2_73",32.516012,-106.772865,0,4,10,2003,321
10530037,1,14,2709,"2_73_10_09_2007","2_73",32.516012,-106.772865,0,10,9,2007,321
10530038,1,16,2709,"2_107_10_06_2005","2_10",32.516033,-106.769345,0,10,6,2005,321
10530039,1,15,2709,"2_9_04_09_2003","2_9",32.516037,-106.77285,0,4,9,2003,321
10530040,1,0,2709,"2_77_10_14_2004","2_77",32.516038,-106.772918,0,14,10,2004,321
10530041,1,0,2709,"3_0_09_28_2005","3_0",32.516045,-106.772822,0,28,9,2005,321
10530042,1,14,2709,"3_127_04_20_1998","3_12",32.516062,-106.772681,0,20,4,1998,321
10530043,1,14,2709,"3_127_04_20_1998","3_12",32.516062,-106.772681,0,20,4,1998,321
10530044,1,14,2709,"1_96_09_29_2005","1_96",32.516067,-106.769886,0,29,9,2005,321
10530045,1,0,2709,"2_79_04_21_1999","2_79",32.516128,-106.773102,0,21,4,1999,321
10530046,1,15,2709,"3_11_10_10_2007","3_11",32.516142,-106.772711,0,10,10,2007,321
10530047,1,13,2709,"1_97_04_06_2005","1_97",32.516158,-106.769888,0,4,6,2005,321
10530048,1,0,2709,"2_79_10_30_1998","2_79",32.516176,-106.773194,0,30,10,1998,321
10530049,1,15,2709,"3_10_04_12_2005","3_10",32.516178,-106.772822,0,4,12,2005,321
10530050,1,0,2709,"3_10_04_14_2005","3_10",32.516178,-106.772822,0,14,4,2005,321
10530051,1,0,2709,"2_11_11_15_2006","2_11",32.516179,-106.772448,0,15,11,2006,321
10530052,1,0,2709,"2_11_11_16_2006","2_11",32.516179,-106.772448,0,16,11,2006,321
10530053,1,15,2709,"2_110_10_17_2007","2_11",32.516179,-106.772448,0,17,10,2007,321
10530054,1,13,2709,"2_110_10_29_1997","2_11",32.516179,-106.772448,0,29,10,1997,321
10530055,1,0,2709,"2_111_04_21_2004","2_11",32.516179,-106.772448,0,21,4,2004,321
10530056,1,0,2709,"3_112_10_04_2005","3_11",32.516224,-106.772655,0,10,4,2005,321
10530057,1,0,2709,"3_112_10_06_2005","3_11",32.516224,-106.772655,0,10,6,2005,321
10530058,1,17,2709,"2_114_04_08_2005","2_11",32.516225,-106.772354,0,4,8,2005,321
10530059,1,0,2709,"2_114_10_21_2004","2_11",32.516225,-106.772354,0,21,10,2004,321
10530060,1,13,2709,"2_115_10_18_2007","2_11",32.516272,-106.772267,0,18,10,2007,321
10530061,1,14,2709,"2_116_04_16_2004","2_11",32.516272,-106.772267,0,16,4,2004,321
10530062,1,17,2709,"2_116_10_05_2005","2_11",32.516272,-106.772267,0,10,5,2005,321
10530063,1,14,2709,"2_118_10_19_2000","2_11",32.516355,-106.772088,0,19,10,2000,321
10530064,1,13,2709,"3_10_11_14_2006","3_10",32.516359,-106.772823,0,14,11,2006,321
10530065,1,19,2709,"3_116_04_08_2003","3_11",32.516377,-106.772542,0,4,8,2003,321
10530066,1,12,2709,"2_93_10_13_2004","2_93",32.516377,-106.773098,0,13,10,2004,321
10530067,1,14,2709,"2_93_10_14_2004","2_93",32.516377,-106.773098,0,14,10,2004,321
10530068,1,14,2709,"2_93_10_23_2003","2_93",32.516377,-106.773098,0,23,10,2003,321
10530069,1,14,2709,"2_120_10_14_2004","2_12",32.516437,-106.771902,0,14,10,2004,321
10530070,1,14,2709,"2_89_03_24_2001","2_89",32.516443,-106.773755,0,24,3,2001,321
10530071,1,0,2709,"2_89_10_15_2004","2_89",32.516443,-106.773755,0,15,10,2004,321
10530072,1,0,2709,"3_101_04_24_2003","3_10",32.516451,-106.772826,0,24,4,2003,321
10530073,1,15,2709,"3_116_10_10_2002","3_11",32.516453,-106.772492,0,10,10,2002,321
10530074,1,18,2709,"2_94_04_06_2005","2_94",32.516459,-106.773152,0,4,6,2005,321
10530075,1,13,2709,"2_94_04_07_2005","2_94",32.516459,-106.773152,0,4,7,2005,321
10530076,1,0,2709,"2_94_04_08_2005","2_94",32.516459,-106.773152,0,4,8,2005,321
10530077,1,14,2709,"2_94_04_09_2003","2_94",32.516459,-106.773152,0,4,9,2003,321
10530078,1,14,2709,"3_118_10_05_2005","3_11",32.51653,-106.772439,0,10,5,2005,321
10530079,1,0,2709,"3_118_10_06_2005","3_11",32.51653,-106.772439,0,10,6,2005,321
10530080,1,0,2709,"3_119_04_09_2003","3_11",32.516608,-106.772384,0,4,9,2003,321
10530081,1,18,2709,"3_119_04_16_1997","3_11",32.516608,-106.772384,0,16,4,1997,321
10530082,1,15,2709,"3_119_10_10_2001","3_11",32.516608,-106.772384,0,10,10,2001,321
10530083,1,17,2709,"3_119_10_14_2004","3_11",32.516608,-106.772384,0,14,10,2004,321
10530084,1,0,2709,"3_12_03_30_2000","3_12",32.516608,-106.772384,0,30,3,2000,321
10530085,1,14,2709,"3_12_10_16_1996","3_12",32.516608,-106.772384,0,16,10,1996,321
10530086,1,14,2709,"2_96_10_05_2005","2_96",32.516615,-106.77326,0,10,5,2005,321
10530087,1,0,2709,"2_96_10_06_2005","2_96",32.516615,-106.77326,0,10,6,2005,321
10530088,1,14,2709,"3_12_10_31_2003","3_12",32.516683,-106.772326,0,31,10,2003,321
10530089,1,0,2709,"3_120_04_21_2004","3_12",32.516761,-106.772271,0,21,4,2004,321
10530090,1,15,2709,"2_97_04_08_2003","2_97",32.516773,-106.773369,0,4,8,2003,321
10530091,1,0,2709,"2_97_04_09_2003","2_97",32.516773,-106.773369,0,4,9,2003,321
10530092,1,14,2709,"2_99_03_29_2000","2_99",32.516773,-106.773369,0,29,3,2000,321
10530093,1,16,2709,"2_99_11_15_2006","2_99",32.516773,-106.773369,0,15,11,2006,321
10530094,1,0,2709,"3_0_09_28_2005","3_0",32.516773,-106.773369,0,28,9,2005,321
10530095,1,0,2709,"3_108_10_15_2004","3_10",32.516886,-106.772821,0,15,10,2004,321
10530096,1,12,2709,"3_92_10_05_2005","3_92",32.592668,-106.854928,0,10,5,2005,321
10530097,1,14,2709,"3_93_04_15_2004","3_93",32.592668,-106.854928,0,15,4,2004,321
10530098,1,12,2709,"3_90_10_11_2001","3_90",32.592746,-106.855114,0,10,11,2001,321
10530099,1,33,2709,"3_94_10_21_2004","3_94",32.592778,-106.855651,0,21,10,2004,321
10530100,1,0,2709,"3_89_10_18_2002","3_89",32.592789,-106.855209,0,18,10,2002,321
10530101,1,10,2709,"3_89_10_30_1998","3_89",32.592789,-106.855209,0,30,10,1998,321
10530102,1,11,2709,"3_86_11_15_2006","3_86",32.592829,-106.855302,0,15,11,2006,321
10530103,1,15,2709,"3_87_10_10_2001","3_87",32.592829,-106.855302,0,10,10,2001,321
10530104,1,0,2709,"3_87_10_11_2001","3_87",32.592829,-106.855302,0,10,11,2001,321
10530105,1,12,2709,"3_88_04_13_2005","3_88",32.592829,-106.855302,0,13,4,2005,321
10530106,1,0,2709,"3_88_04_14_2005","3_88",32.592829,-106.855302,0,14,4,2005,321
10530107,1,15,2709,"3_84_10_04_2005","3_84",32.592914,-106.855492,0,10,4,2005,321
10530108,1,16,2709,"3_84_10_06_2005","3_84",32.592914,-106.855492,0,10,6,2005,321
10530109,1,14,2709,"3_14_10_20_2004","3_14",32.593033,-106.856938,0,20,10,2004,321
10530110,1,17,2709,"3_140_04_14_2004","3_14",32.593033,-106.856938,0,14,4,2004,321
10530111,1,0,2709,"3_140_09_29_2005","3_14",32.593033,-106.856938,0,29,9,2005,321
10530112,1,12,2709,"3_137_11_15_2006","3_13",32.593038,-106.856833,0,15,11,2006,321
10530113,1,17,2709,"3_139_04_06_2005","3_13",32.593038,-106.856833,0,4,6,2005,321
10530114,1,16,2709,"3_139_10_15_2004","3_13",32.593038,-106.856833,0,15,10,2004,321
10530115,1,0,2709,"3_137_10_10_2007","3_13",32.593044,-106.856727,0,10,10,2007,321
10530116,1,14,2709,"3_137_10_13_2004","3_13",32.593044,-106.856727,0,13,10,2004,321
10530117,1,0,2709,"3_137_10_14_2004","3_13",32.593044,-106.856727,0,14,10,2004,321
10530118,1,0,2709,"3_133_10_18_2007","3_13",32.593047,-106.856619,0,18,10,2007,321
10530119,1,17,2709,"3_134_04_08_2003","3_13",32.593047,-106.856619,0,4,8,2003,321
10530120,1,16,2709,"3_135_04_12_2005","3_13",32.593047,-106.856619,0,4,12,2005,321
10530121,1,12,2709,"3_132_10_20_2000","3_13",32.593054,-106.856514,0,20,10,2000,321
10530122,1,17,2709,"3_82_10_16_2007","3_82",32.59306,-106.855822,0,16,10,2007,321
10530123,1,0,2709,"3_130_04_17_1997","3_13",32.593066,-106.856193,0,17,4,1997,321
10530124,1,15,2709,"3_130_04_09_1996","3_13",32.593073,-106.856089,0,4,9,1996,321
10530125,1,13,2709,"3_54_10_20_2004","3_54",32.593087,-106.855878,0,20,10,2004,321
10530126,1,0,2709,"3_55_04_16_2004","3_55",32.593087,-106.855878,0,16,4,2004,321
10530127,1,0,2709,"3_55_04_20_1998","3_55",32.593087,-106.855878,0,20,4,1998,321
10530128,1,15,2709,"3_72_10_06_2005","3_72",32.593094,-106.855232,0,10,6,2005,321
10530129,1,0,2709,"3_73_10_06_2005","3_73",32.593095,-106.855126,0,10,6,2005,321
10530130,1,16,2709,"3_74_04_17_1997","3_74",32.593095,-106.855126,0,17,4,1997,321
10530131,1,13,2709,"3_76_10_04_2005","3_76",32.593095,-106.855126,0,10,4,2005,321
10530132,1,16,2709,"3_77_10_17_2007","3_77",32.593098,-106.855018,0,17,10,2007,321
10530133,1,0,2709,"3_81_10_06_2005","3_81",32.593102,-106.854808,0,10,6,2005,321
10530134,1,12,2709,"3_82_09_29_2005","3_82",32.593102,-106.854808,0,29,9,2005,321
10530135,1,15,2709,"3_142_10_16_2002","3_14",32.593128,-106.855968,0,16,10,2002,321
10530136,1,0,2709,"3_41_04_21_1999","3_41",32.593135,-106.855786,0,21,4,1999,321
10530137,1,10,2709,"3_142_11_19_2006","3_14",32.593172,-106.856061,0,19,11,2006,321
10530138,1,17,2709,"3_143_04_20_2004","3_14",32.593217,-106.856154,0,20,4,2004,321
10530139,1,12,2709,"3_143_10_06_2005","3_14",32.593217,-106.856154,0,10,6,2005,321
10530140,1,14,2709,"3_35_04_15_1999","3_35",32.593223,-106.855882,0,15,4,1999,321
10530141,1,0,2709,"3_143_10_17_2002","3_14",32.59326,-106.856247,0,17,10,2002,321
10530142,1,15,2709,"2_97_10_20_2004","2_97",32.593293,-106.859203,0,20,10,2004,321
10530143,1,15,2709,"2_99_09_28_2005","2_99",32.593293,-106.859203,0,28,9,2005,321
10530144,1,14,2709,"2_99_10_19_2004","2_99",32.593293,-106.859203,0,19,10,2004,321
10530145,1,0,2709,"2_99_10_20_2004","2_99",32.593293,-106.859203,0,20,10,2004,321
10530146,3,0,2709,"3_0_09_28_2005","3_0",32.593293,-106.859203,0,28,9,2005,321
10530147,1,6,2709,"3_143_11_18_2006","3_14",32.593304,-106.85634,0,18,11,2006,321
10530148,1,16,2709,"3_36_04_21_2004","3_36",32.593357,-106.855886,0,21,4,2004,321
10530149,1,13,2709,"3_59_10_30_2003","3_59",32.59337,-106.85533,0,30,10,2003,321
10530150,1,17,2709,"3_23_04_20_2004","3_23",32.593397,-106.856098,0,20,4,2004,321
10530151,1,0,2709,"3_23_10_11_2007","3_23",32.593397,-106.856098,0,10,11,2007,321
10530152,1,0,2709,"3_23_10_15_2004","3_23",32.593397,-106.856098,0,15,10,2004,321
10530153,1,0,2709,"3_144_04_21_1999","3_14",32.593397,-106.856523,0,21,4,1999,321
10530154,1,12,2709,"3_144_10_17_1996","3_14",32.593397,-106.856523,0,17,10,1996,321
10530155,1,12,2709,"3_144_10_17_1996","3_14",32.593397,-106.856523,0,17,10,1996,321
10530156,1,0,2709,"3_144_10_21_2004","3_14",32.593397,-106.856523,0,21,10,2004,321
10530157,1,12,2709,"3_60_10_20_2000","3_60",32.593418,-106.855241,0,20,10,2000,321
10530158,1,0,2709,"3_61_04_08_2005","3_61",32.593418,-106.855241,0,4,8,2005,321
10530159,1,17,2709,"3_108_10_14_2004","3_10",32.593422,-106.859768,0,14,10,2004,321
10530160,1,0,2709,"3_109_04_07_2005","3_10",32.593422,-106.859768,0,4,7,2005,321
10530161,1,13,2709,"2_89_10_05_2005","2_89",32.593423,-106.858679,0,10,5,2005,321
10530162,1,15,2709,"3_145_04_06_2005","3_14",32.593438,-106.85662,0,4,6,2005,321
10530163,1,0,2709,"3_145_04_08_2005","3_14",32.593438,-106.85662,0,4,8,2005,321
10530164,1,15,2709,"3_145_10_20_2004","3_14",32.593438,-106.85662,0,20,10,2004,321
10530165,1,14,2709,"3_16_10_20_2004","3_16",32.593438,-106.85662,0,20,10,2004,321
10530166,1,14,2709,"3_16_10_30_2003","3_16",32.593438,-106.85662,0,30,10,2003,321
10530167,1,14,2709,"3_24_04_12_2005","3_24",32.593474,-106.856155,0,4,12,2005,321
10530168,1,0,2709,"3_21_04_16_1999","3_21",32.593528,-106.856807,0,16,4,1999,321
10530169,1,16,2709,"3_21_10_16_2007","3_21",32.593528,-106.856807,0,16,10,2007,321
10530170,1,0,2709,"3_21_10_17_2007","3_21",32.593528,-106.856807,0,17,10,2007,321
10530171,1,0,2709,"3_22_04_13_2005","3_22",32.593528,-106.856807,0,13,4,2005,321
10530172,1,0,2709,"3_4_04_22_1999","3_4",32.593539,-106.855894,0,22,4,1999,321
10530173,1,14,2709,"3_4_10_28_1997","3_4",32.593539,-106.855894,0,28,10,1997,321
10530174,1,0,2709,"3_24_10_18_2002","3_24",32.593552,-106.856209,0,18,10,2002,321
10530175,1,11,2709,"3_24_11_15_2006","3_24",32.593552,-106.856209,0,15,11,2006,321
10530176,1,14,2709,"3_25_03_29_2000","3_25",32.593552,-106.856209,0,29,3,2000,321
10530177,1,0,2709,"3_7_03_30_2000","3_7",32.593562,-106.854968,0,30,3,2000,321
10530178,1,0,2709,"3_7_03_31_2000","3_7",32.593562,-106.854968,0,31,3,2000,321
10530179,1,28,2709,"3_105_10_17_2007","3_10",32.593576,-106.859657,0,17,10,2007,321
10530180,1,12,2709,"2_83_10_06_2005","2_83",32.593579,-106.858791,0,10,6,2005,321
10530181,1,15,2709,"2_83_10_29_1998","2_83",32.593579,-106.858791,0,29,10,1998,321
10530182,1,17,2709,"3_25_11_18_2006","3_25",32.593628,-106.856266,0,18,11,2006,321
10530183,1,16,2709,"3_27_03_29_2000","3_27",32.593628,-106.856266,0,29,3,2000,321
10530184,1,0,2709,"3_27_03_30_2000","3_27",32.593628,-106.856266,0,30,3,2000,321
10530185,1,18,2709,"3_27_10_05_2005","3_27",32.593628,-106.856266,0,10,5,2005,321
10530186,1,0,2709,"3_31_04_10_2003","3_31",32.593705,-106.856321,0,4,10,2003,321
10530187,1,14,2709,"3_129_04_14_2005","3_12",32.593717,-106.855462,0,14,4,2005,321
10530188,1,0,2709,"3_13_04_17_1997","3_13",32.593717,-106.855462,0,17,4,1997,321
10530189,1,74,2709,"3_103_10_18_1996","3_10",32.593731,-106.859551,0,18,10,1996,321
10530190,1,16,2709,"3_122_10_23_2003","3_12",32.593733,-106.860135,0,23,10,2003,321
10530191,1,0,2709,"2_70_04_16_2004","2_70",32.593751,-106.858302,0,16,4,2004,321
10530192,1,13,2709,"2_71_10_05_2005","2_71",32.593751,-106.858302,0,10,5,2005,321
10530193,1,0,2709,"2_71_10_06_2005","2_71",32.593751,-106.858302,0,10,6,2005,321
10530194,1,15,2709,"2_71_10_17_2007","2_71",32.593751,-106.858302,0,17,10,2007,321
10530195,1,15,2709,"2_72_10_05_2005","2_72",32.593751,-106.858302,0,10,5,2005,321
10530196,1,16,2709,"3_32_09_29_2005","3_32",32.593779,-106.856374,0,29,9,2005,321
10530197,1,0,2709,"3_32_09_30_2005","3_32",32.593779,-106.856374,0,30,9,2005,321
10530198,1,14,2709,"3_32_10_20_2004","3_32",32.593779,-106.856374,0,20,10,2004,321
10530199,1,0,2709,"3_32_10_21_2004","3_32",32.593779,-106.856374,0,21,10,2004,321
10530200,1,15,2709,"3_32_11_14_2006","3_32",32.593779,-106.856374,0,14,11,2006,321
10530201,1,0,2709,"3_140_11_15_2006","3_14",32.593797,-106.855409,0,15,11,2006,321
10530202,1,0,2709,"3_141_10_18_2007","3_14",32.593797,-106.855409,0,18,10,2007,321
10530203,1,0,2709,"3_141_11_19_2006","3_14",32.593797,-106.855409,0,19,11,2006,321
10530204,1,13,2709,"3_142_10_05_2005","3_14",32.593797,-106.855409,0,10,5,2005,321
10530205,1,12,2709,"3_101_04_21_2004","3_10",32.593805,-106.859498,0,21,4,2004,321
10530206,1,0,2709,"3_45_10_05_2005","3_45",32.593807,-106.855903,0,10,5,2005,321
10530207,1,0,2709,"3_45_10_06_2005","3_45",32.593807,-106.855903,0,10,6,2005,321
10530208,1,17,2709,"3_119_10_11_2002","3_11",32.593828,-106.859959,0,10,11,2002,321
10530209,1,16,2709,"3_12_04_12_2005","3_12",32.593828,-106.859959,0,4,12,2005,321
10530210,1,0,2709,"3_12_04_22_2004","3_12",32.593828,-106.859959,0,22,4,2004,321
10530211,1,0,2709,"2_67_10_11_2007","2_67",32.59384,-106.858487,0,10,11,2007,321
10530212,1,16,2709,"2_67_10_29_1997","2_67",32.59384,-106.858487,0,29,10,1997,321
10530213,1,15,2709,"2_68_04_14_2004","2_68",32.59384,-106.858487,0,14,4,2004,321
10530214,1,15,2709,"2_68_09_29_2005","2_68",32.59384,-106.858487,0,29,9,2005,321
10530215,1,17,2709,"2_68_10_17_2007","2_68",32.59384,-106.858487,0,17,10,2007,321
10530216,1,0,2709,"2_68_10_21_2004","2_68",32.59384,-106.858487,0,21,10,2004,321
10530217,1,0,2709,"3_33_10_18_2007","3_33",32.593857,-106.85643,0,18,10,2007,321
10530218,1,13,2709,"3_34_04_22_1999","3_34",32.593857,-106.85643,0,22,4,1999,321
10530219,1,0,2709,"3_117_10_11_2001","3_11",32.593872,-106.85987,0,10,11,2001,321
10530220,1,15,2709,"3_117_10_20_2004","3_11",32.593872,-106.85987,0,20,10,2004,321
10530221,1,0,2709,"3_118_04_14_2005","3_11",32.593872,-106.85987,0,14,4,2005,321
10530222,1,20,2709,"3_118_04_20_2004","3_11",32.593872,-106.85987,0,20,4,2004,321
10530223,1,0,2709,"3_19_03_30_2000","3_19",32.593875,-106.855358,0,30,3,2000,321
10530224,1,0,2709,"3_19_04_13_2005","3_19",32.593875,-106.855358,0,13,4,2005,321
10530225,1,15,2709,"3_19_10_06_2005","3_19",32.593875,-106.855358,0,10,6,2005,321
10530226,1,14,2709,"3_20_10_04_2005","3_20",32.593875,-106.855358,0,10,4,2005,321
10530227,1,17,2709,"3_20_10_16_2007","3_20",32.593875,-106.855358,0,16,10,2007,321
10530228,1,0,2709,"3_20_10_17_2007","3_20",32.593875,-106.855358,0,17,10,2007,321
10530229,1,14,2709,"2_66_04_12_2005","2_66",32.59389,-106.85858,0,4,12,2005,321
10530230,1,16,2709,"2_66_04_20_2004","2_66",32.59389,-106.85858,0,20,4,2004,321
10530231,1,0,2709,"2_66_10_05_2005","2_66",32.59389,-106.85858,0,10,5,2005,321
10530232,1,0,2709,"2_66_10_17_2007","2_66",32.59389,-106.85858,0,17,10,2007,321
10530233,1,0,2709,"2_67_04_20_1998","2_67",32.59389,-106.85858,0,20,4,1998,321
10530234,1,14,2709,"3_48_04_18_1998","3_48",32.593898,-106.855906,0,18,4,1998,321
10530235,1,15,2709,"2_91_10_30_1997","2_91",32.593928,-106.859221,0,30,10,1997,321
10530236,1,0,2709,"2_92_04_10_2003","2_92",32.593928,-106.859221,0,4,10,2003,321
10530237,1,19,2709,"2_79_04_14_2005","2_79",32.593962,-106.859062,0,14,4,2005,321
10530238,1,18,2709,"2_79_04_20_1999","2_79",32.593962,-106.859062,0,20,4,1999,321
10530239,1,0,2709,"3_115_10_21_2004","3_11",32.593963,-106.859684,0,21,10,2004,321
10530240,1,15,2709,"2_63_04_18_1998","2_63",32.593975,-106.858762,0,18,4,1998,321
10530241,1,12,2709,"3_49_04_15_1997","3_49",32.593989,-106.855913,0,15,4,1997,321
10530242,1,12,2709,"3_5_04_15_1997","3_5",32.593989,-106.855913,0,15,4,1997,321
10530243,1,11,2709,"3_5_11_15_2006","3_5",32.593989,-106.855913,0,15,11,2006,321
10530244,1,14,2709,"3_51_10_17_2007","3_51",32.593989,-106.855913,0,17,10,2007,321
10530245,1,15,2709,"3_51_10_20_2004","3_51",32.593989,-106.855913,0,20,10,2004,321
10530246,1,0,2709,"3_52_04_08_2005","3_52",32.593989,-106.855913,0,4,8,2005,321
10530247,1,14,2709,"3_53_10_10_2007","3_53",32.593989,-106.855913,0,10,10,2007,321
10530248,1,15,2709,"3_54_04_20_1999","3_54",32.593989,-106.855913,0,20,4,1999,321
10530249,1,16,2709,"2_61_11_15_2006","2_61",32.594019,-106.858856,0,15,11,2006,321
10530250,1,0,2709,"3_110_04_21_2004","3_11",32.594061,-106.859503,0,21,4,2004,321
10530251,1,15,2709,"3_111_10_04_2005","3_11",32.594061,-106.859503,0,10,4,2005,321
10530252,1,15,2709,"3_112_04_12_2005","3_11",32.594061,-106.859503,0,4,12,2005,321
10530253,1,15,2709,"3_112_04_14_2005","3_11",32.594061,-106.859503,0,14,4,2005,321
10530254,1,0,2709,"3_112_10_05_2005","3_11",32.594061,-106.859503,0,10,5,2005,321
10530255,1,0,2709,"3_11_10_21_2004","3_11",32.594105,-106.85941,0,21,10,2004,321
10530256,1,13,2709,"3_1_04_14_2004","3_1",32.59412,-106.859282,0,14,4,2004,321
10530257,1,0,2709,"3_0_10_31_2003","3_0",32.594161,-106.859255,0,31,10,2003,321
10530258,1,0,2709,"2_116_04_08_2005","2_11",32.594188,-106.85987,0,4,8,2005,321
10530259,1,0,2709,"2_116_09_29_2005","2_11",32.594188,-106.85987,0,29,9,2005,321
10530260,1,0,2709,"2_116_10_06_2005","2_11",32.594188,-106.85987,0,10,6,2005,321
10530261,1,14,2709,"2_120_04_07_2005","2_12",32.594189,-106.860294,0,4,7,2005,321
10530262,1,12,2709,"2_120_10_05_2005","2_12",32.594189,-106.860294,0,10,5,2005,321
10530263,1,14,2709,"2_120_10_17_2007","2_12",32.594189,-106.860294,0,17,10,2007,321
10530264,1,19,2709,"2_114_04_09_2003","2_11",32.594194,-106.859764,0,4,9,2003,321
10530265,1,15,2709,"2_114_10_11_2007","2_11",32.594194,-106.859764,0,10,11,2007,321
10530266,1,0,2709,"2_46_04_21_2004","2_46",32.594196,-106.859175,0,21,4,2004,321
10530267,1,17,2709,"2_46_10_05_2005","2_46",32.594196,-106.859121,0,10,5,2005,321
10530268,1,0,2709,"2_46_10_18_2007","2_46",32.594198,-106.859017,0,18,10,2007,321
10530269,1,0,2709,"2_46_10_30_2003","2_46",32.594198,-106.859017,0,30,10,2003,321
10530270,1,19,2709,"2_36_04_13_2005","2_36",32.594199,-106.859221,0,13,4,2005,321
10530271,1,20,2709,"2_48_04_12_2005","2_48",32.594203,-106.858696,0,4,12,2005,321
10530272,1,13,2709,"2_48_10_29_2003","2_48",32.594207,-106.858484,0,29,10,2003,321
10530273,1,0,2709,"2_48_10_31_2003","2_48",32.594207,-106.858484,0,31,10,2003,321
10530274,1,18,2709,"2_48_04_21_2004","2_48",32.594209,-106.858586,0,21,4,2004,321
10530275,1,0,2709,"2_48_04_22_2004","2_48",32.594209,-106.858586,0,22,4,2004,321
10530276,1,0,2709,"2_48_10_14_2004","2_48",32.594209,-106.858586,0,14,10,2004,321
10530277,1,0,2709,"2_48_10_15_2004","2_48",32.594209,-106.858586,0,15,10,2004,321
10530278,1,0,2709,"2_53_10_06_2005","2_53",32.59421,-106.858269,0,10,6,2005,321
10530279,1,8,2709,"2_53_11_15_2006","2_53",32.59421,-106.858269,0,15,11,2006,321
10530280,1,14,2709,"2_53_11_19_2006","2_53",32.59421,-106.858269,0,19,11,2006,321
10530281,1,15,2709,"2_54_10_17_2007","2_54",32.59421,-106.858269,0,17,10,2007,321
10530282,1,15,2709,"2_56_04_06_2005","2_56",32.594212,-106.85816,0,4,6,2005,321
10530283,1,0,2709,"2_36_10_21_2004","2_36",32.594269,-106.859091,0,21,10,2004,321
10530284,1,0,2709,"2_41_10_10_2007","2_41",32.594276,-106.859175,0,10,10,2007,321
10530285,1,12,2709,"2_37_10_19_2004","2_37",32.594291,-106.859048,0,19,10,2004,321
10530286,1,0,2709,"2_37_10_20_2000","2_37",32.594291,-106.859048,0,20,10,2000,321
10530287,1,0,2709,"2_37_11_15_2006","2_37",32.594291,-106.859048,0,15,11,2006,321
10530288,1,16,2709,"2_47_04_20_2004","2_47",32.594314,-106.85915,0,20,4,2004,321
10530289,1,17,2709,"2_4_04_22_2004","2_4",32.594337,-106.858953,0,22,4,2004,321
10530290,1,14,2709,"2_4_10_17_2002","2_4",32.594381,-106.858861,0,17,10,2002,321
10530291,1,0,2709,"2_4_10_18_2002","2_4",32.594381,-106.858861,0,18,10,2002,321
10530292,1,14,2709,"2_40_04_09_2003","2_40",32.594381,-106.858861,0,4,9,2003,321
10530293,1,0,2709,"2_40_04_10_2003","2_40",32.594381,-106.858861,0,4,10,2003,321
10530294,1,0,2709,"2_40_04_15_2004","2_40",32.594381,-106.858861,0,15,4,2004,321
10530295,1,20,2709,"2_131_04_22_2004","2_13",32.594418,-106.859692,0,22,4,2004,321
10530296,1,16,2709,"2_40_10_22_2003","2_40",32.594427,-106.858771,0,22,10,2003,321
10530297,1,12,2709,"2_131_10_30_2003","2_13",32.594459,-106.859786,0,30,10,2003,321
10530298,1,0,2709,"2_132_09_29_2005","2_13",32.594459,-106.859786,0,29,9,2005,321
10530299,1,0,2709,"2_87_10_11_2007","2_87",32.594511,-106.859017,0,10,11,2007,321
10530300,1,14,2709,"2_42_10_09_2007","2_42",32.594516,-106.858589,0,10,9,2007,321
10530301,1,12,2709,"2_24_11_14_2006","2_24",32.594558,-106.859233,0,14,11,2006,321
10530302,1,14,2709,"2_43_10_24_2003","2_43",32.594563,-106.858494,0,24,10,2003,321
10530303,1,14,2709,"2_144_10_04_2005","2_14",32.594587,-106.8595,0,10,4,2005,321
10530304,1,0,2709,"2_144_10_05_2005","2_14",32.594587,-106.8595,0,10,5,2005,321
10530305,1,16,2709,"2_45_04_20_2004","2_45",32.59461,-106.858399,0,20,4,2004,321
10530306,1,0,2709,"2_45_10_06_2005","2_45",32.59461,-106.858399,0,10,6,2005,321
10530307,1,0,2709,"2_141_10_20_2004","2_14",32.594637,-106.860159,0,20,10,2004,321
10530308,1,0,2709,"2_28_09_29_2005","2_28",32.594649,-106.859235,0,29,9,2005,321
10530309,1,15,2709,"2_144_10_13_2004","2_14",32.594661,-106.859556,0,13,10,2004,321
10530310,1,15,2709,"2_15_10_10_2002","2_15",32.594738,-106.85961,0,10,10,2002,321
10530311,1,0,2709,"2_15_10_20_2004","2_15",32.594738,-106.85961,0,20,10,2004,321
10530312,1,0,2709,"3_113_10_14_2004","3_11",32.594745,-106.858861,0,14,10,2004,321
10530313,1,0,2709,"3_113_10_20_2000","3_11",32.594745,-106.858861,0,20,10,2000,321
10530314,1,0,2709,"2_16_10_11_2002","2_16",32.594813,-106.859665,0,10,11,2002,321
10530315,1,0,2709,"2_30_10_11_2007","2_30",32.594827,-106.859236,0,10,11,2007,321
10530316,1,16,2709,"2_19_10_13_2004","2_19",32.594896,-106.859717,0,13,10,2004,321
10530317,1,0,2709,"2_19_10_14_2004","2_19",32.594896,-106.859717,0,14,10,2004,321
10530318,1,0,2709,"2_19_10_15_2004","2_19",32.594896,-106.859717,0,15,10,2004,321
10530319,1,0,2709,"2_19_10_17_2002","2_19",32.594896,-106.859717,0,17,10,2002,321
10530320,1,13,2709,"2_122_10_18_2007","2_12",32.594901,-106.858754,0,18,10,2007,321
10530321,1,18,2709,"2_124_04_08_2003","2_12",32.594901,-106.858754,0,4,8,2003,321
10530322,1,0,2709,"2_124_04_16_2004","2_12",32.594901,-106.858754,0,16,4,2004,321
10530323,1,17,2709,"2_33_04_14_2004","2_33",32.594918,-106.859239,0,14,4,2004,321
10530324,1,17,2709,"2_33_04_15_2004","2_33",32.594918,-106.859239,0,15,4,2004,321
10530325,1,0,2709,"2_33_10_10_2007","2_33",32.595009,-106.859241,0,10,10,2007,321
10530326,1,13,2709,"2_33_10_19_2004","2_33",32.595009,-106.859241,0,19,10,2004,321
10530327,1,14,2709,"2_33_10_20_2004","2_33",32.595009,-106.859241,0,20,10,2004,321
10530328,1,13,2709,"2_33_10_29_1997","2_33",32.595009,-106.859241,0,29,10,1997,321
10530329,1,14,2709,"2_34_10_09_2007","2_34",32.595009,-106.859241,0,10,9,2007,321
10530330,1,0,2709,"2_35_03_31_2000","2_35",32.595101,-106.859239,0,31,3,2000,321
10530331,1,0,2709,"2_35_03_31_2000","2_35",32.595101,-106.859239,0,31,3,2000,321
10530332,1,14,2709,"2_35_10_29_1997","2_35",32.595101,-106.859239,0,29,10,1997,321
10530333,1,17,2709,"1_97_04_13_2005","1_97",32.595138,-106.862103,0,13,4,2005,321
10530334,1,0,2709,"1_97_04_14_2005","1_97",32.595138,-106.862103,0,14,4,2005,321
10530335,1,16,2709,"1_98_04_07_2005","1_98",32.595138,-106.862103,0,4,7,2005,321
10530336,1,16,2709,"1_80_10_19_2004","1_80",32.595192,-106.86155,0,19,10,2004,321
10530337,1,0,2709,"1_80_10_20_2004","1_80",32.595192,-106.86155,0,20,10,2004,321
10530338,1,13,2709,"1_70_10_13_2004","1_70",32.595231,-106.861074,0,13,10,2004,321
10530339,1,0,2709,"1_70_10_14_2004","1_70",32.595231,-106.861074,0,14,10,2004,321
10530340,1,13,2709,"1_79_10_30_2003","1_79",32.595283,-106.861553,0,30,10,2003,321
10530341,1,14,2709,"1_94_10_21_2004","1_94",32.595295,-106.861995,0,21,10,2004,321
10530342,1,15,2709,"1_69_10_06_2005","1_69",32.595308,-106.86113,0,10,6,2005,321
10530343,1,11,2709,"1_69_10_17_2007","1_69",32.595308,-106.86113,0,17,10,2007,321
10530344,1,12,2709,"1_7_10_14_2004","1_7",32.595308,-106.86113,0,14,10,2004,321
10530345,1,15,2709,"1_79_04_08_2005","1_79",32.595374,-106.861554,0,4,8,2005,321
10530346,1,0,2709,"1_79_10_05_2005","1_79",32.595374,-106.861554,0,10,5,2005,321
10530347,1,0,2709,"1_92_04_19_1998","1_92",32.595452,-106.861883,0,19,4,1998,321
10530348,1,0,2709,"1_92_04_24_2003","1_92",32.595452,-106.861883,0,24,4,2003,321
10530349,1,8,2709,"1_65_11_16_2006","1_65",32.595456,-106.861239,0,16,11,2006,321
10530350,1,0,2709,"1_66_10_18_2007","1_66",32.595456,-106.861239,0,18,10,2007,321
10530351,1,15,2709,"1_67_10_05_2005","1_67",32.595456,-106.861239,0,10,5,2005,321
10530352,1,0,2709,"1_78_10_06_2005","1_78",32.595461,-106.861557,0,10,6,2005,321
10530353,1,16,2709,"2_106_04_14_2004","2_10",32.595508,-106.862398,0,14,4,2004,321
10530354,1,14,2709,"1_56_10_21_2004","1_56",32.595528,-106.860738,0,21,10,2004,321
10530355,1,0,2709,"1_90_04_22_2004","1_90",32.595529,-106.861836,0,22,4,2004,321
10530356,1,18,2709,"1_90_10_16_2007","1_90",32.595529,-106.861836,0,16,10,2007,321
10530357,1,0,2709,"1_90_10_17_2007","1_90",32.595529,-106.861836,0,17,10,2007,321
10530358,1,0,2709,"1_90_10_31_2003","1_90",32.595529,-106.861836,0,31,10,2003,321
10530359,1,14,2709,"1_63_11_14_2006","1_63",32.595534,-106.861293,0,14,11,2006,321
10530360,1,16,2709,"1_77_04_20_2004","1_77",32.595553,-106.861561,0,20,4,2004,321
10530361,1,114,2709,"2_105_10_21_2004","2_10",32.595555,-106.862304,0,21,10,2004,321
10530362,1,0,2709,"1_55_10_11_2007","1_55",32.595616,-106.86093,0,10,11,2007,321
10530363,1,14,2709,"1_62_09_30_2005","1_62",32.595616,-106.861349,0,30,9,2005,321
10530364,1,16,2709,"1_63_09_29_2005","1_63",32.595616,-106.861349,0,29,9,2005,321
10530365,1,14,2709,"1_75_10_14_2004","1_75",32.595644,-106.861563,0,14,10,2004,321
10530366,1,0,2709,"1_76_10_16_2007","1_76",32.595644,-106.861563,0,16,10,2007,321
10530367,1,16,2709,"2_103_10_13_2004","2_10",32.595647,-106.86212,0,13,10,2004,321
10530368,1,0,2709,"2_104_09_30_2005","2_10",32.595647,-106.86212,0,30,9,2005,321
10530369,1,13,2709,"1_53_10_18_2007","1_53",32.59566,-106.861021,0,18,10,2007,321
10530370,1,0,2709,"1_89_10_06_2005","1_89",32.595687,-106.861732,0,10,6,2005,321
10530371,1,0,2709,"1_6_11_16_2006","1_6",32.59569,-106.861404,0,16,11,2006,321
10530372,1,11,2709,"2_102_04_20_1998","2_10",32.595736,-106.861937,0,20,4,1998,321
10530373,1,0,2709,"2_102_10_18_2002","2_10",32.595736,-106.861937,0,18,10,2002,321
10530374,1,12,2709,"1_88_10_06_2005","1_88",32.595765,-106.861678,0,10,6,2005,321
10530375,1,0,2709,"1_50_04_14_2005","1_50",32.595779,-106.861295,0,14,4,2005,321
10530376,1,16,2709,"2_100_10_20_2000","2_10",32.595779,-106.861859,0,20,10,2000,321
10530377,1,0,2709,"1_73_04_20_1998","1_73",32.595783,-106.861565,0,20,4,1998,321
10530378,1,15,2709,"2_1_04_08_2003","2_1",32.595895,-106.861618,0,4,8,2003,321
10530379,1,14,2709,"1_35_10_06_2005","1_35",32.595907,-106.861353,0,10,6,2005,321
10530380,1,15,2709,"1_35_10_17_2007","1_35",32.595907,-106.861353,0,17,10,2007,321
10530381,1,0,2709,"1_34_04_20_2004","1_34",32.595908,-106.861515,0,20,4,2004,321
10530382,1,0,2709,"1_35_10_18_2007","1_35",32.595908,-106.861246,0,18,10,2007,321
10530383,1,13,2709,"1_34_10_15_2004","1_34",32.595908,-106.861462,0,15,10,2004,321
10530384,1,0,2709,"1_39_10_18_2007","1_39",32.59591,-106.861033,0,18,10,2007,321
10530385,1,23,2709,"1_43_10_25_1995","1_43",32.595913,-106.860816,0,25,10,1995,321
10530386,1,12,2709,"1_105_10_04_2005","1_10",32.595913,-106.862212,0,10,4,2005,321
10530387,1,16,2709,"1_105_10_05_2005","1_10",32.595913,-106.862212,0,10,5,2005,321
10530388,1,0,2709,"1_105_10_06_2005","1_10",32.595913,-106.862212,0,10,6,2005,321
10530389,1,15,2709,"1_4_10_04_2005","1_4",32.595913,-106.860925,0,10,4,2005,321
10530390,1,0,2709,"1_4_10_05_2005","1_4",32.595913,-106.860925,0,10,5,2005,321
10530391,1,0,2709,"1_40_04_07_2005","1_40",32.595913,-106.860925,0,4,7,2005,321
10530392,1,0,2709,"1_41_10_05_2005","1_41",32.595913,-106.860925,0,10,5,2005,321
10530393,1,0,2709,"1_41_10_06_2005","1_41",32.595913,-106.860925,0,10,6,2005,321
10530394,1,0,2709,"1_36_10_06_2005","1_36",32.595913,-106.861143,0,10,6,2005,321
10530395,1,14,2709,"1_45_10_04_2005","1_45",32.595914,-106.860708,0,10,4,2005,321
10530396,1,14,2709,"1_102_10_14_2004","1_10",32.595916,-106.861998,0,14,10,2004,321
10530397,1,0,2709,"1_102_10_15_2004","1_10",32.595916,-106.861998,0,15,10,2004,321
10530398,1,14,2709,"1_102_10_29_2003","1_10",32.595916,-106.861998,0,29,10,2003,321
10530399,1,0,2709,"1_103_04_21_2004","1_10",32.595916,-106.861998,0,21,4,2004,321
10530400,1,0,2709,"1_102_04_13_2005","1_10",32.595916,-106.861891,0,13,4,2005,321
10530401,1,0,2709,"1_102_04_21_2004","1_10",32.595916,-106.861891,0,21,4,2004,321
10530402,1,0,2709,"1_102_04_22_2004","1_10",32.595916,-106.861891,0,22,4,2004,321
10530403,1,13,2709,"1_48_04_16_2004","1_48",32.595918,-106.860499,0,16,4,2004,321
10530404,1,14,2709,"2_108_04_22_2004","2_10",32.59592,-106.861681,0,22,4,2004,321
10530405,1,0,2709,"1_113_10_21_2004","1_11",32.59599,-106.861713,0,21,10,2004,321
10530406,1,0,2709,"1_25_04_13_2005","1_25",32.595991,-106.861519,0,13,4,2005,321
10530407,1,0,2709,"1_25_04_14_2005","1_25",32.595991,-106.861519,0,14,4,2005,321
10530408,1,0,2709,"1_128_04_11_1996","1_12",32.596036,-106.861657,0,4,11,1996,321
10530409,1,12,2709,"1_115_04_14_2005","1_11",32.596056,-106.861849,0,14,4,2005,321
10530410,1,0,2709,"1_49_10_31_2003","1_49",32.596067,-106.861467,0,31,10,2003,321
10530411,1,14,2709,"1_128_10_17_2007","1_12",32.596074,-106.861682,0,17,10,2007,321
10530412,1,13,2709,"1_24_10_04_2005","1_24",32.596133,-106.861108,0,10,4,2005,321
10530413,1,0,2709,"1_24_10_06_2005","1_24",32.596133,-106.861108,0,10,6,2005,321
10530414,1,14,2709,"1_118_10_16_2007","1_11",32.596189,-106.862128,0,16,10,2007,321
10530415,1,18,2709,"1_28_04_12_2005","1_28",32.596227,-106.860924,0,4,12,2005,321
10530416,1,0,2709,"1_28_10_18_2002","1_28",32.596227,-106.860924,0,18,10,2002,321
10530417,1,15,2709,"1_123_04_25_2003","1_12",32.596364,-106.862502,0,25,4,2003,321
10530418,1,14,2709,"1_143_10_11_2007","1_14",32.59646,-106.861594,0,10,11,2007,321
10530419,1,0,2709,"1_143_10_21_2004","1_14",32.59646,-106.861594,0,21,10,2004,321
10530420,1,13,2709,"1_132_10_17_2007","1_13",32.59654,-106.862004,0,17,10,2007,321
10530421,1,0,2709,"1_132_10_18_2007","1_13",32.59654,-106.862004,0,18,10,2007,321
10530422,1,12,2709,"1_132_10_19_2004","1_13",32.59654,-106.862004,0,19,10,2004,321
10530423,1,0,2709,"1_100_10_15_2004","1_10",32.596547,-106.861158,0,15,10,2004,321
10530424,1,0,2709,"1_145_04_13_2005","1_14",32.596554,-106.861595,0,13,4,2005,321
10530425,1,0,2709,"1_145_04_14_2005","1_14",32.596554,-106.861595,0,14,4,2005,321
10530426,1,14,2709,"1_132_10_30_2003","1_13",32.596617,-106.862058,0,30,10,2003,321
10530427,1,14,2709,"1_133_04_08_2005","1_13",32.596617,-106.862058,0,4,8,2005,321
10530428,1,5,2709,"1_135_09_29_2005","1_13",32.596617,-106.862058,0,29,9,2005,321
10530429,1,0,2709,"1_135_10_06_2005","1_13",32.596617,-106.862058,0,10,6,2005,321
10530430,1,11,2709,"1_136_04_20_2004","1_13",32.596617,-106.862058,0,20,4,2004,321
10530431,1,18,2709,"1_17_04_20_2004","1_17",32.596625,-106.861591,0,20,4,2004,321
10530432,1,0,2709,"1_18_10_05_2005","1_18",32.596625,-106.861591,0,10,5,2005,321
10530433,1,13,2709,"1_138_03_29_2000","1_13",32.596695,-106.862111,0,29,3,2000,321
10530434,1,9,2709,"1_138_04_09_2002","1_13",32.596695,-106.862111,0,4,9,2002,321
10530435,1,0,2709,"1_138_04_15_2004","1_13",32.596695,-106.862111,0,15,4,2004,321
10530436,1,0,2709,"1_138_04_16_2004","1_13",32.596695,-106.862111,0,16,4,2004,321
10530437,1,0,2709,"1_120_10_18_2007","1_12",32.596699,-106.861053,0,18,10,2007,321
10530438,1,14,2709,"1_120_11_15_2006","1_12",32.596699,-106.861053,0,15,11,2006,321
10530439,1,0,2709,"1_121_04_13_2005","1_12",32.596699,-106.861053,0,13,4,2005,321
10530440,1,11,2709,"1_2_10_21_2004","1_2",32.596713,-106.861594,0,21,10,2004,321
10530441,1,17,2709,"1_21_10_30_2003","1_21",32.596809,-106.861598,0,30,10,2003,321
10530442,1,0,2709,"1_22_04_08_2005","1_22",32.596809,-106.861598,0,4,8,2005,321
10530512,1,0,2879,"3_18_10_30_1997","3_18",32.51433,-106.778268,0,30,10,1997,321
10530513,1,0,2879,"3_19_04_08_2005","3_19",32.51433,-106.778268,0,4,8,2005,321
10530514,1,32,2879,"3_19_10_08_1999","3_19",32.51433,-106.778268,0,10,8,1999,321
10530515,1,0,2879,"3_19_10_11_2007","3_19",32.51433,-106.778268,0,10,11,2007,321
10530516,1,0,2879,"3_19_10_11_2007","3_19",32.51433,-106.778268,0,10,11,2007,321
10530517,1,0,2879,"3_19_10_19_2000","3_19",32.51433,-106.778268,0,19,10,2000,321
10530518,1,47,2879,"3_19_10_19_2004","3_19",32.51433,-106.778268,0,19,10,2004,321
10530519,1,40,2879,"3_19_10_22_2003","3_19",32.51433,-106.778268,0,22,10,2003,321
10530520,1,0,2879,"3_19_10_30_1997","3_19",32.51433,-106.778268,0,30,10,1997,321
10530521,1,0,2879,"3_2_04_06_1995","3_2",32.51433,-106.778268,0,4,6,1995,321
10530522,1,0,2879,"3_20_04_10_1996","3_20",32.51433,-106.778268,0,4,10,1996,321
10530523,1,0,2879,"3_20_04_10_2003","3_20",32.51433,-106.778268,0,4,10,2003,321
10530524,1,0,2879,"3_20_10_08_1999","3_20",32.51433,-106.778268,0,10,8,1999,321
10530525,1,0,2879,"3_20_10_10_2007","3_20",32.51433,-106.778268,0,10,10,2007,321
10530526,1,53,2879,"3_20_10_16_1996","3_20",32.51433,-106.778268,0,16,10,1996,321
10530527,1,42,2879,"3_20_10_18_2000","3_20",32.51433,-106.778268,0,18,10,2000,321
10530528,1,41,2879,"3_20_10_24_1995","3_20",32.51433,-106.778268,0,24,10,1995,321
10530529,1,42,2879,"3_20_10_26_1995","3_20",32.51433,-106.778268,0,26,10,1995,321
10530530,1,36,2879,"3_20_10_28_1997","3_20",32.51433,-106.778268,0,28,10,1997,321
10530531,1,47,2879,"3_20_11_14_2006","3_20",32.51433,-106.778268,0,14,11,2006,321
10530532,1,0,2879,"3_20_11_16_2006","3_20",32.51433,-106.778268,0,16,11,2006,321
10530533,1,44,2879,"3_21_03_22_2001","3_21",32.51433,-106.778268,0,22,3,2001,321
10530534,1,46,2879,"3_21_03_31_2000","3_21",32.51433,-106.778268,0,31,3,2000,321
10530535,1,0,2879,"1_120_04_19_1998","1_12",32.514334,-106.769829,0,19,4,1998,321
10530536,1,0,2879,"1_120_04_21_1999","1_12",32.514334,-106.769829,0,21,4,1999,321
10530537,1,0,2879,"1_120_04_22_1999","1_12",32.514334,-106.769829,0,22,4,1999,321
10530538,1,0,2879,"1_120_10_06_1999","1_12",32.514334,-106.769829,0,10,6,1999,321
10530539,1,42,2879,"1_120_10_16_1996","1_12",32.514334,-106.769829,0,16,10,1996,321
10530540,1,0,2879,"1_120_10_19_2000","1_12",32.514334,-106.769829,0,19,10,2000,321
10530541,1,0,2879,"1_120_10_21_2004","1_12",32.514334,-106.769829,0,21,10,2004,321
10530542,1,0,2879,"1_120_10_23_2003","1_12",32.514334,-106.769829,0,23,10,2003,321
10530543,1,41,2879,"1_120_10_29_1998","1_12",32.514334,-106.769829,0,29,10,1998,321
10530544,1,43,2879,"1_120_11_14_2006","1_12",32.514334,-106.769829,0,14,11,2006,321
10530545,1,45,2879,"1_121_10_29_1997","1_12",32.514334,-106.769829,0,29,10,1997,321
10530546,1,45,2879,"1_121_10_29_1997","1_12",32.514334,-106.769829,0,29,10,1997,321
10530547,1,42,2879,"1_122_10_09_2007","1_12",32.514334,-106.769829,0,10,9,2007,321
10530548,1,0,2879,"3_140_10_29_1997","3_14",32.514412,-106.778267,0,29,10,1997,321
10530549,1,0,2879,"3_140_10_30_1997","3_14",32.514412,-106.778267,0,30,10,1997,321
10530550,1,0,2879,"3_141_03_30_2000","3_14",32.514412,-106.778267,0,30,3,2000,321
10530551,1,45,2879,"3_141_04_08_2003","3_14",32.514412,-106.778267,0,4,8,2003,321
10530552,1,45,2879,"3_141_04_09_2003","3_14",32.514412,-106.778267,0,4,9,2003,321
10530553,1,0,2879,"3_141_04_11_1996","3_14",32.514412,-106.778267,0,4,11,1996,321
10530554,1,40,2879,"3_141_10_11_2007","3_14",32.514412,-106.778267,0,10,11,2007,321
10530555,1,55,2879,"3_141_10_17_1996","3_14",32.514412,-106.778267,0,17,10,1996,321
10530556,1,0,2879,"3_141_10_20_2004","3_14",32.514412,-106.778267,0,20,10,2004,321
10530557,1,0,2879,"3_141_10_21_2004","3_14",32.514412,-106.778267,0,21,10,2004,321
10530558,1,45,2879,"3_141_10_22_2003","3_14",32.514412,-106.778267,0,22,10,2003,321
10530559,1,0,2879,"3_141_10_23_2003","3_14",32.514412,-106.778267,0,23,10,2003,321
10530560,1,49,2879,"3_141_11_14_2006","3_14",32.514412,-106.778267,0,14,11,2006,321
10530561,1,0,2879,"3_142_03_23_2001","3_14",32.514412,-106.778267,0,23,3,2001,321
10530562,1,0,2879,"3_142_04_07_2005","3_14",32.514412,-106.778267,0,4,7,2005,321
10530563,1,57,2879,"3_142_04_08_2003","3_14",32.514412,-106.778267,0,4,8,2003,321
10530564,1,0,2879,"3_142_04_09_2003","3_14",32.514412,-106.778267,0,4,9,2003,321
10530565,1,0,2879,"3_142_04_10_2003","3_14",32.514412,-106.778267,0,4,10,2003,321
10530566,1,0,2879,"3_142_09_30_2005","3_14",32.514412,-106.778267,0,30,9,2005,321
10530567,1,39,2879,"1_11_10_28_1997","1_11",32.514433,-106.769829,0,28,10,1997,321
10530568,1,36,2879,"1_110_10_28_1997","1_11",32.514433,-106.769829,0,28,10,1997,321
10530569,1,48,2879,"1_112_04_05_1995","1_11",32.514433,-106.769829,0,4,5,1995,321
10530570,1,23,2879,"1_112_10_19_2004","1_11",32.514433,-106.769829,0,19,10,2004,321
10530571,1,54,2879,"3_68_10_07_1999","3_68",32.514434,-106.778787,0,10,7,1999,321
10530572,1,54,2879,"3_68_10_07_1999","3_68",32.514434,-106.778787,0,10,7,1999,321
10530573,1,52,2879,"3_68_10_09_2002","3_68",32.514434,-106.778787,0,10,9,2002,321
10530574,1,0,2879,"3_68_10_11_2001","3_68",32.514434,-106.778787,0,10,11,2001,321
10530575,1,0,2879,"3_68_10_19_2000","3_68",32.514434,-106.778787,0,19,10,2000,321
10530576,1,0,2879,"3_68_10_23_2003","3_68",32.514434,-106.778787,0,23,10,2003,321
10530577,1,38,2879,"3_68_10_28_1997","3_68",32.514434,-106.778787,0,28,10,1997,321
10530578,1,42,2879,"3_68_10_29_1998","3_68",32.514434,-106.778787,0,29,10,1998,321
10530579,1,50,2879,"3_69_04_14_2004","3_69",32.514434,-106.778787,0,14,4,2004,321
10530580,1,37,2879,"3_69_10_24_2003","3_69",32.514434,-106.778787,0,24,10,2003,321
10530581,1,0,2879,"3_7_10_29_1997","3_7",32.514434,-106.778787,0,29,10,1997,321
10530582,1,0,2879,"3_70_03_31_2000","3_70",32.514434,-106.778787,0,31,3,2000,321
10530583,1,0,2879,"3_48_10_11_2001","3_48",32.514451,-106.777724,0,10,11,2001,321
10530584,1,28,2879,"3_48_10_19_2004","3_48",32.514451,-106.777724,0,19,10,2004,321
10530585,1,0,2879,"3_48_10_23_2003","3_48",32.514451,-106.777724,0,23,10,2003,321
10530586,1,0,2879,"3_48_10_25_1995","3_48",32.514451,-106.777724,0,25,10,1995,321
10530587,1,43,2879,"3_48_10_28_1997","3_48",32.514451,-106.777724,0,28,10,1997,321
10530588,1,0,2879,"3_48_10_30_1998","3_48",32.514451,-106.777724,0,30,10,1998,321
10530589,1,0,2879,"3_49_10_17_1996","3_49",32.514451,-106.777724,0,17,10,1996,321
10530590,1,0,2879,"3_5_10_29_1997","3_5",32.514451,-106.777724,0,29,10,1997,321
10530591,1,0,2879,"3_52_04_22_1999","3_52",32.514451,-106.777724,0,22,4,1999,321
10530592,1,45,2879,"3_52_10_06_1999","3_52",32.514451,-106.777724,0,10,6,1999,321
10530593,1,0,2879,"3_52_10_07_1999","3_52",32.514451,-106.777724,0,10,7,1999,321
10530594,1,42,2879,"3_52_10_09_2007","3_52",32.514451,-106.777724,0,10,9,2007,321
10530595,1,0,2879,"3_53_10_10_2001","3_53",32.514451,-106.777724,0,10,10,2001,321
10530596,1,47,2879,"3_53_10_16_1996","3_53",32.514451,-106.777724,0,16,10,1996,321
10530597,1,0,2879,"3_54_04_10_1996","3_54",32.514451,-106.777724,0,4,10,1996,321
10530598,1,40,2879,"3_54_04_18_1998","3_54",32.514451,-106.777724,0,18,4,1998,321
10530599,1,0,2879,"3_54_04_20_1998","3_54",32.514451,-106.777724,0,20,4,1998,321
10530600,1,0,2879,"1_32_10_20_2000","1_32",32.514458,-106.770378,0,20,10,2000,321
10530601,1,55,2879,"1_32_10_23_2003","1_32",32.514458,-106.770378,0,23,10,2003,321
10530602,1,46,2879,"1_32_10_29_1997","1_32",32.514458,-106.770378,0,29,10,1997,321
10530603,1,0,2879,"1_33_04_17_1997","1_33",32.514458,-106.770378,0,17,4,1997,321
10530604,1,0,2879,"1_33_04_20_1998","1_33",32.514458,-106.770378,0,20,4,1998,321
10530605,1,0,2879,"1_33_04_21_1999","1_33",32.514458,-106.770378,0,21,4,1999,321
10530606,1,0,2879,"1_33_04_22_1999","1_33",32.514458,-106.770378,0,22,4,1999,321
10530607,1,49,2879,"1_33_10_06_1999","1_33",32.514458,-106.770378,0,10,6,1999,321
10530608,1,0,2879,"1_33_10_07_1999","1_33",32.514458,-106.770378,0,10,7,1999,321
10530609,1,0,2879,"1_33_10_23_2003","1_33",32.514458,-106.770378,0,23,10,2003,321
10530610,1,38,2879,"1_33_10_25_1995","1_33",32.514458,-106.770378,0,25,10,1995,321
10530611,1,0,2879,"1_33_10_30_1997","1_33",32.514458,-106.770378,0,30,10,1997,321
10530612,1,0,2879,"1_34_03_23_2001","1_34",32.514458,-106.770378,0,23,3,2001,321
10530613,1,52,2879,"1_21_04_15_2004","1_21",32.514467,-106.769308,0,15,4,2004,321
10530614,1,0,2879,"1_21_04_17_1997","1_21",32.514467,-106.769308,0,17,4,1997,321
10530615,1,47,2879,"1_21_04_21_1999","1_21",32.514467,-106.769308,0,21,4,1999,321
10530616,1,0,2879,"1_21_09_30_2005","1_21",32.514467,-106.769308,0,30,9,2005,321
10530617,1,0,2879,"1_21_10_23_2003","1_21",32.514467,-106.769308,0,23,10,2003,321
10530618,1,0,2879,"1_21_10_24_2003","1_21",32.514467,-106.769308,0,24,10,2003,321
10530619,1,36,2879,"1_21_10_26_1995","1_21",32.514467,-106.769308,0,26,10,1995,321
10530620,1,0,2879,"1_21_10_30_1997","1_21",32.514467,-106.769308,0,30,10,1997,321
10530621,1,0,2879,"1_21_11_16_2006","1_21",32.514467,-106.769308,0,16,11,2006,321
10530622,1,42,2879,"1_22_04_15_2004","1_22",32.514467,-106.769308,0,15,4,2004,321
10530623,1,0,2879,"1_22_04_17_1997","1_22",32.514467,-106.769308,0,17,4,1997,321
10530624,1,0,2879,"1_22_04_21_1999","1_22",32.514467,-106.769308,0,21,4,1999,321
10530625,1,0,2879,"3_129_10_11_2007","3_12",32.514503,-106.778267,0,10,11,2007,321
10530626,1,38,2879,"3_129_10_18_2000","3_12",32.514503,-106.778267,0,18,10,2000,321
10530627,1,0,2879,"3_13_03_30_2000","3_13",32.514503,-106.778267,0,30,3,2000,321
10530628,1,0,2879,"3_13_04_20_1998","3_13",32.514503,-106.778267,0,20,4,1998,321
10530629,1,0,2879,"3_13_04_22_1999","3_13",32.514503,-106.778267,0,22,4,1999,321
10530630,1,37,2879,"3_65_10_28_1997","3_65",32.514515,-106.778734,0,28,10,1997,321
10530631,1,21,2879,"3_65_10_29_1997","3_65",32.514515,-106.778734,0,29,10,1997,321
10530632,1,50,2879,"3_65_11_14_2006","3_65",32.514515,-106.778734,0,14,11,2006,321
10530633,1,42,2879,"3_66_03_22_2001","3_66",32.514515,-106.778734,0,22,3,2001,321
10530634,1,43,2879,"3_66_04_06_1995","3_66",32.514515,-106.778734,0,4,6,1995,321
10530635,1,31,2879,"3_66_04_15_1997","3_66",32.514515,-106.778734,0,15,4,1997,321
10530636,1,0,2879,"3_66_04_16_1997","3_66",32.514515,-106.778734,0,16,4,1997,321
10530637,1,0,2879,"3_66_10_11_2002","3_66",32.514515,-106.778734,0,10,11,2002,321
10530638,1,0,2879,"3_66_10_17_1996","3_66",32.514515,-106.778734,0,17,10,1996,321
10530639,1,0,2879,"3_66_10_20_2000","3_66",32.514515,-106.778734,0,20,10,2000,321
10530640,1,36,2879,"3_66_10_28_1997","3_66",32.514515,-106.778734,0,28,10,1997,321
10530641,1,0,2879,"3_66_10_29_1997","3_66",32.514515,-106.778734,0,29,10,1997,321
10530642,1,0,2879,"3_66_10_29_1997","3_66",32.514515,-106.778734,0,29,10,1997,321
10530643,1,48,2879,"3_66_10_30_1997","3_66",32.514515,-106.778734,0,30,10,1997,321
10530644,1,0,2879,"3_66_11_16_2006","3_66",32.514515,-106.778734,0,16,11,2006,321
10530645,1,38,2879,"3_67_09_30_2005","3_67",32.514515,-106.778734,0,30,9,2005,321
10530646,1,56,2879,"3_67_10_16_1996","3_67",32.514515,-106.778734,0,16,10,1996,321
10530647,1,28,2879,"3_67_10_21_2004","3_67",32.514515,-106.778734,0,21,10,2004,321
10530648,1,0,2879,"3_67_10_29_1997","3_67",32.514515,-106.778734,0,29,10,1997,321
10530649,1,43,2879,"3_67_10_29_1998","3_67",32.514515,-106.778734,0,29,10,1998,321
10530650,1,0,2879,"3_67_11_15_2006","3_67",32.514515,-106.778734,0,15,11,2006,321
10530651,1,0,2879,"3_68_04_09_2003","3_68",32.514515,-106.778734,0,4,9,2003,321
10530652,1,0,2879,"3_68_04_10_2003","3_68",32.514515,-106.778734,0,4,10,2003,321
10530653,1,37,2879,"3_68_04_15_1997","3_68",32.514515,-106.778734,0,15,4,1997,321
10530654,1,0,2879,"3_68_04_16_1997","3_68",32.514515,-106.778734,0,16,4,1997,321
10530655,1,34,2879,"3_46_04_10_2002","3_46",32.514529,-106.777779,0,4,10,2002,321
10530656,1,0,2879,"3_46_10_10_2007","3_46",32.514529,-106.777779,0,10,10,2007,321
10530657,1,0,2879,"3_46_10_18_1996","3_46",32.514529,-106.777779,0,18,10,1996,321
10530658,1,0,2879,"3_46_10_21_2004","3_46",32.514529,-106.777779,0,21,10,2004,321
10530659,1,0,2879,"3_47_04_10_1996","3_47",32.514529,-106.777779,0,4,10,1996,321
10530660,1,50,2879,"3_47_04_10_2003","3_47",32.514529,-106.777779,0,4,10,2003,321
10530661,1,42,2879,"3_47_04_15_1997","3_47",32.514529,-106.777779,0,15,4,1997,321
10530662,1,0,2879,"3_47_04_16_1997","3_47",32.514529,-106.777779,0,16,4,1997,321
10530663,1,0,2879,"3_47_04_17_1997","3_47",32.514529,-106.777779,0,17,4,1997,321
10530664,1,67,2879,"3_47_10_09_2002","3_47",32.514529,-106.777779,0,10,9,2002,321
10530665,1,48,2879,"3_47_10_19_2004","3_47",32.514529,-106.777779,0,19,10,2004,321
10530666,1,47,2879,"3_47_10_24_1995","3_47",32.514529,-106.777779,0,24,10,1995,321
10530667,1,38,2879,"3_47_10_28_1997","3_47",32.514529,-106.777779,0,28,10,1997,321
10530668,1,42,2879,"3_47_10_30_1998","3_47",32.514529,-106.777779,0,30,10,1998,321
10530669,1,53,2879,"3_48_03_29_2000","3_48",32.514529,-106.777779,0,29,3,2000,321
10530670,1,0,2879,"3_48_03_31_2000","3_48",32.514529,-106.777779,0,31,3,2000,321
10530671,1,46,2879,"3_48_04_09_1996","3_48",32.514529,-106.777779,0,4,9,1996,321
10530672,1,41,2879,"3_48_04_18_1998","3_48",32.514529,-106.777779,0,18,4,1998,321
10530673,1,42,2879,"3_48_04_19_1998","3_48",32.514529,-106.777779,0,19,4,1998,321
10530674,1,0,2879,"3_48_04_20_1998","3_48",32.514529,-106.777779,0,20,4,1998,321
10530675,1,0,2879,"1_10_03_23_2001","1_10",32.51453,-106.769832,0,23,3,2001,321
10530676,1,0,2879,"1_10_03_31_2000","1_10",32.51453,-106.769832,0,31,3,2000,321
10530677,1,38,2879,"1_10_04_20_1998","1_10",32.51453,-106.769832,0,20,4,1998,321
10530678,1,42,2879,"1_10_04_20_1999","1_10",32.51453,-106.769832,0,20,4,1999,321
10530679,1,37,2879,"1_10_10_29_1998","1_10",32.51453,-106.769832,0,29,10,1998,321
10530680,1,41,2879,"1_100_10_17_1996","1_10",32.51453,-106.769832,0,17,10,1996,321
10530681,1,46,2879,"1_31_10_28_1997","1_31",32.514532,-106.770322,0,28,10,1997,321
10530682,1,42,2879,"1_31_10_30_1997","1_31",32.514532,-106.770322,0,30,10,1997,321
10530683,1,38,2879,"1_32_09_29_2005","1_32",32.514532,-106.770322,0,29,9,2005,321
10530684,1,51,2879,"1_32_10_09_2007","1_32",32.514532,-106.770322,0,10,9,2007,321
10530685,1,43,2879,"1_32_10_16_1996","1_32",32.514532,-106.770322,0,16,10,1996,321
10530686,1,0,2879,"1_32_10_17_1996","1_32",32.514532,-106.770322,0,17,10,1996,321
10530687,1,0,2879,"1_32_10_18_1996","1_32",32.514532,-106.770322,0,18,10,1996,321
10530688,1,0,2879,"1_18_10_24_2003","1_18",32.514552,-106.769362,0,24,10,2003,321
10530689,1,41,2879,"1_19_03_22_2001","1_19",32.514552,-106.769362,0,22,3,2001,321
10530690,1,0,2879,"1_19_03_23_2001","1_19",32.514552,-106.769362,0,23,3,2001,321
10530691,1,47,2879,"1_19_03_29_2000","1_19",32.514552,-106.769362,0,29,3,2000,321
10530692,1,0,2879,"1_19_03_31_2000","1_19",32.514552,-106.769362,0,31,3,2000,321
10530693,1,40,2879,"1_19_04_09_1996","1_19",32.514552,-106.769362,0,4,9,1996,321
10530694,1,49,2879,"1_19_10_06_1999","1_19",32.514552,-106.769362,0,10,6,1999,321
10530695,1,43,2879,"1_19_10_28_1997","1_19",32.514552,-106.769362,0,28,10,1997,321
10530696,1,42,2879,"1_19_11_15_2006","1_19",32.514552,-106.769362,0,15,11,2006,321
10530697,1,0,2879,"1_2_04_17_1997","1_2",32.514552,-106.769362,0,17,4,1997,321
10530698,1,37,2879,"1_2_10_28_1997","1_2",32.514552,-106.769362,0,28,10,1997,321
10530699,1,0,2879,"1_20_03_30_2000","1_20",32.514552,-106.769362,0,30,3,2000,321
10530700,1,0,2879,"1_20_04_16_1997","1_20",32.514552,-106.769362,0,16,4,1997,321
10530701,1,42,2879,"1_20_10_06_1999","1_20",32.514552,-106.769362,0,10,6,1999,321
10530702,1,0,2879,"1_20_10_07_1999","1_20",32.514552,-106.769362,0,10,7,1999,321
10530703,1,0,2879,"1_20_10_26_1995","1_20",32.514552,-106.769362,0,26,10,1995,321
10530704,1,0,2879,"1_20_10_30_1997","1_20",32.514552,-106.769362,0,30,10,1997,321
10530705,1,0,2879,"1_20_11_15_2006","1_20",32.514552,-106.769362,0,15,11,2006,321
10530706,1,0,2879,"1_21_04_10_1996","1_21",32.514552,-106.769362,0,4,10,1996,321
10530707,1,0,2879,"1_21_04_10_1996","1_21",32.514552,-106.769362,0,4,10,1996,321
10530708,1,50,2879,"1_21_04_14_2004","1_21",32.514552,-106.769362,0,14,4,2004,321
10530709,1,0,2879,"3_61_10_11_2001","3_61",32.514592,-106.778684,0,10,11,2001,321
10530710,1,47,2879,"3_61_10_19_2004","3_61",32.514592,-106.778684,0,19,10,2004,321
10530711,1,0,2879,"3_61_10_20_2000","3_61",32.514592,-106.778684,0,20,10,2000,321
10530712,1,38,2879,"3_61_10_28_1997","3_61",32.514592,-106.778684,0,28,10,1997,321
10530713,1,39,2879,"3_64_04_19_1998","3_64",32.514592,-106.778684,0,19,4,1998,321
10530714,1,39,2879,"3_65_04_09_2002","3_65",32.514592,-106.778684,0,4,9,2002,321
10530715,1,0,2879,"3_65_04_10_1996","3_65",32.514592,-106.778684,0,4,10,1996,321
10530716,1,48,2879,"3_65_04_15_1997","3_65",32.514592,-106.778684,0,15,4,1997,321
10530717,1,37,2879,"3_65_10_09_2002","3_65",32.514592,-106.778684,0,10,9,2002,321
10530718,1,36,2879,"3_45_10_29_1997","3_45",32.514604,-106.777833,0,29,10,1997,321
10530719,1,41,2879,"3_45_10_29_1998","3_45",32.514604,-106.777833,0,29,10,1998,321
10530720,1,41,2879,"3_46_03_22_2001","3_46",32.514604,-106.777833,0,22,3,2001,321
10530721,1,44,2879,"1_30_10_09_2001","1_30",32.514605,-106.770271,0,10,9,2001,321
10530722,1,0,2879,"1_30_10_30_1997","1_30",32.514605,-106.770271,0,30,10,1997,321
10530723,1,0,2879,"1_31_03_24_2001","1_31",32.514605,-106.770271,0,24,3,2001,321
10530724,1,49,2879,"1_31_04_15_1997","1_31",32.514605,-106.770271,0,15,4,1997,321
10530725,1,27,2879,"1_31_04_20_1999","1_31",32.514605,-106.770271,0,20,4,1999,321
10530726,1,46,2879,"1_31_10_09_2001","1_31",32.514605,-106.770271,0,10,9,2001,321
10530727,1,43,2879,"1_31_10_10_2001","1_31",32.514605,-106.770271,0,10,10,2001,321
10530728,1,0,2879,"2_102_04_06_1995","2_10",32.514611,-106.769836,0,4,6,1995,321
10530729,1,0,2879,"1_145_10_10_2007","1_14",32.514612,-106.769423,0,10,10,2007,321
10530730,1,0,2879,"1_15_03_23_2001","1_15",32.514612,-106.769423,0,23,3,2001,321
10530731,1,0,2879,"1_15_03_30_2000","1_15",32.514612,-106.769423,0,30,3,2000,321
10530732,1,0,2879,"1_15_04_09_2003","1_15",32.514612,-106.769423,0,4,9,2003,321
10530733,1,39,2879,"1_15_04_15_1997","1_15",32.514612,-106.769423,0,15,4,1997,321
10530734,1,0,2879,"1_15_04_20_1998","1_15",32.514612,-106.769423,0,20,4,1998,321
10530735,1,46,2879,"1_15_04_21_1999","1_15",32.514612,-106.769423,0,21,4,1999,321
10530736,1,0,2879,"1_15_10_11_2007","1_15",32.514612,-106.769423,0,10,11,2007,321
10530737,1,23,2879,"1_15_10_16_1996","1_15",32.514612,-106.769423,0,16,10,1996,321
10530738,1,0,2879,"1_15_10_17_1996","1_15",32.514612,-106.769423,0,17,10,1996,321
10530739,1,0,2879,"1_15_10_18_1996","1_15",32.514612,-106.769423,0,18,10,1996,321
10530740,1,47,2879,"1_16_10_18_2000","1_16",32.514612,-106.769423,0,18,10,2000,321
10530741,1,42,2879,"1_17_04_20_1998","1_17",32.514612,-106.769423,0,20,4,1998,321
10530742,1,0,2879,"1_17_10_11_2001","1_17",32.514612,-106.769423,0,10,11,2001,321
10530743,1,42,2879,"3_60_04_15_1997","3_60",32.514674,-106.77863,0,15,4,1997,321
10530744,1,0,2879,"3_60_04_16_1997","3_60",32.514674,-106.77863,0,16,4,1997,321
10530745,1,38,2879,"3_60_09_30_2005","3_60",32.514674,-106.77863,0,30,9,2005,321
10530746,1,44,2879,"3_60_10_09_2007","3_60",32.514674,-106.77863,0,10,9,2007,321
10530747,1,38,2879,"3_60_10_29_1997","3_60",32.514674,-106.77863,0,29,10,1997,321
10530748,1,42,2879,"3_60_10_30_1997","3_60",32.514674,-106.77863,0,30,10,1997,321
10530749,1,40,2879,"3_60_11_14_2006","3_60",32.514674,-106.77863,0,14,11,2006,321
10530750,1,0,2879,"3_60_11_15_2006","3_60",32.514674,-106.77863,0,15,11,2006,321
10530751,1,42,2879,"3_43_10_18_2000","3_43",32.514679,-106.777886,0,18,10,2000,321
10530752,1,0,2879,"3_43_10_19_2000","3_43",32.514679,-106.777886,0,19,10,2000,321
10530753,1,0,2879,"3_43_10_23_2003","3_43",32.514679,-106.777886,0,23,10,2003,321
10530754,1,0,2879,"3_44_04_16_1997","3_44",32.514679,-106.777886,0,16,4,1997,321
10530755,1,0,2879,"3_44_04_20_1998","3_44",32.514679,-106.777886,0,20,4,1998,321
10530756,1,49,2879,"1_26_04_17_1997","1_26",32.514682,-106.770218,0,17,4,1997,321
10530757,1,35,2879,"1_144_10_09_2007","1_14",32.514693,-106.769475,0,10,9,2007,321
10530758,1,0,2879,"1_144_10_11_2007","1_14",32.514693,-106.769475,0,10,11,2007,321
10530759,1,0,2879,"1_144_10_21_2004","1_14",32.514693,-106.769475,0,21,10,2004,321
10530760,1,42,2879,"1_144_10_30_1997","1_14",32.514693,-106.769475,0,30,10,1997,321
10530761,1,0,2879,"1_145_03_31_2000","1_14",32.514693,-106.769475,0,31,3,2000,321
10530762,1,34,2879,"1_145_04_15_1997","1_14",32.514693,-106.769475,0,15,4,1997,321
10530763,1,48,2879,"1_145_04_20_1999","1_14",32.514693,-106.769475,0,20,4,1999,321
10530764,1,0,2879,"1_91_10_19_2000","1_91",32.514698,-106.769837,0,19,10,2000,321
10530765,1,45,2879,"1_91_10_29_1997","1_91",32.514698,-106.769837,0,29,10,1997,321
10530766,1,45,2879,"1_91_10_29_1997","1_91",32.514698,-106.769837,0,29,10,1997,321
10530767,1,35,2879,"1_91_10_30_1997","1_91",32.514698,-106.769837,0,30,10,1997,321
10530768,1,54,2879,"1_92_04_10_2003","1_92",32.514698,-106.769837,0,4,10,2003,321
10530769,1,51,2879,"3_59_04_20_1999","3_59",32.514753,-106.778578,0,20,4,1999,321
10530770,1,0,2879,"3_59_10_11_2007","3_59",32.514753,-106.778578,0,10,11,2007,321
10530771,1,39,2879,"3_59_10_22_2003","3_59",32.514753,-106.778578,0,22,10,2003,321
10530772,1,37,2879,"3_59_10_24_1995","3_59",32.514753,-106.778578,0,24,10,1995,321
10530773,1,42,2879,"3_59_10_29_1998","3_59",32.514753,-106.778578,0,29,10,1998,321
10530774,1,44,2879,"3_6_04_18_1998","3_6",32.514753,-106.778578,0,18,4,1998,321
10530775,1,0,2879,"3_6_04_19_1998","3_6",32.514753,-106.778578,0,19,4,1998,321
10530776,1,0,2879,"3_6_04_20_1998","3_6",32.514753,-106.778578,0,20,4,1998,321
10530777,1,46,2879,"3_6_10_28_1997","3_6",32.514753,-106.778578,0,28,10,1997,321
10530778,1,39,2879,"3_60_03_22_2001","3_60",32.514753,-106.778578,0,22,3,2001,321
10530779,1,0,2879,"3_60_03_24_2001","3_60",32.514753,-106.778578,0,24,3,2001,321
10530780,1,0,2879,"3_60_03_31_2000","3_60",32.514753,-106.778578,0,31,3,2000,321
10530781,1,0,2879,"3_60_04_10_1996","3_60",32.514753,-106.778578,0,4,10,1996,321
10530782,1,0,2879,"3_60_04_10_1996","3_60",32.514753,-106.778578,0,4,10,1996,321
10530783,1,0,2879,"3_60_04_11_2002","3_60",32.514753,-106.778578,0,4,11,2002,321
10530784,1,46,2879,"1_25_10_17_1996","1_25",32.514758,-106.770163,0,17,10,1996,321
10530785,1,0,2879,"1_25_10_18_1996","1_25",32.514758,-106.770163,0,18,10,1996,321
10530786,1,0,2879,"3_41_10_20_2000","3_41",32.514758,-106.777941,0,20,10,2000,321
10530787,1,0,2879,"3_41_10_30_1998","3_41",32.514758,-106.777941,0,30,10,1998,321
10530788,1,42,2879,"3_41_11_15_2006","3_41",32.514758,-106.777941,0,15,11,2006,321
10530789,1,0,2879,"3_41_11_16_2006","3_41",32.514758,-106.777941,0,16,11,2006,321
10530790,1,38,2879,"3_42_04_20_1998","3_42",32.514758,-106.777941,0,20,4,1998,321
10530791,1,0,2879,"3_42_10_10_2001","3_42",32.514758,-106.777941,0,10,10,2001,321
10530792,1,0,2879,"3_42_10_11_2002","3_42",32.514758,-106.777941,0,10,11,2002,321
10530793,1,39,2879,"3_42_10_28_1997","3_42",32.514758,-106.777941,0,28,10,1997,321
10530794,1,0,2879,"3_42_10_30_1997","3_42",32.514758,-106.777941,0,30,10,1997,321
10530795,2,42,2879,"3_42_11_15_2006","3_42",32.514758,-106.777941,0,15,11,2006,321
10530796,1,40,2879,"3_43_03_24_2001","3_43",32.514758,-106.777941,0,24,3,2001,321
10530797,1,0,2879,"3_43_03_31_2000","3_43",32.514758,-106.777941,0,31,3,2000,321
10530798,1,0,2879,"3_80_04_11_1996","3_80",32.514763,-106.779179,0,4,11,1996,321
10530799,1,39,2879,"3_80_10_24_1995","3_80",32.514763,-106.779179,0,24,10,1995,321
10530800,1,43,2879,"3_81_04_07_2005","3_81",32.514763,-106.779179,0,4,7,2005,321
10530801,1,0,2879,"3_81_10_10_2007","3_81",32.514763,-106.779179,0,10,10,2007,321
10530802,1,53,2879,"3_82_04_08_2003","3_82",32.514763,-106.779179,0,4,8,2003,321
10530803,1,49,2879,"3_82_04_21_1999","3_82",32.514763,-106.779179,0,21,4,1999,321
10530804,1,41,2879,"1_143_03_23_2001","1_14",32.514766,-106.76953,0,23,3,2001,321
10530805,1,0,2879,"1_143_03_24_2001","1_14",32.514766,-106.76953,0,24,3,2001,321
10530806,1,42,2879,"1_143_03_29_2000","1_14",32.514766,-106.76953,0,29,3,2000,321
10530807,1,0,2879,"1_143_03_30_2000","1_14",32.514766,-106.76953,0,30,3,2000,321
10530808,1,0,2879,"1_143_03_31_2000","1_14",32.514766,-106.76953,0,31,3,2000,321
10530809,1,0,2879,"1_143_04_10_1996","1_14",32.514766,-106.76953,0,4,10,1996,321
10530810,1,38,2879,"1_143_04_18_1998","1_14",32.514766,-106.76953,0,18,4,1998,321
10530811,1,0,2879,"1_143_04_21_1999","1_14",32.514766,-106.76953,0,21,4,1999,321
10530812,1,0,2879,"1_143_04_22_1999","1_14",32.514766,-106.76953,0,22,4,1999,321
10530813,1,0,2879,"1_143_09_30_2005","1_14",32.514766,-106.76953,0,30,9,2005,321
10530814,1,48,2879,"1_143_10_09_2007","1_14",32.514766,-106.76953,0,10,9,2007,321
10530815,1,36,2879,"1_143_10_24_2003","1_14",32.514766,-106.76953,0,24,10,2003,321
10530816,1,40,2879,"1_143_10_28_1997","1_14",32.514766,-106.76953,0,28,10,1997,321
10530817,1,0,2879,"1_143_10_29_1997","1_14",32.514766,-106.76953,0,29,10,1997,321
10530818,1,0,2879,"1_143_11_15_2006","1_14",32.514766,-106.76953,0,15,11,2006,321
10530819,1,45,2879,"1_144_03_23_2001","1_14",32.514766,-106.76953,0,23,3,2001,321
10530820,1,36,2879,"1_144_03_29_2000","1_14",32.514766,-106.76953,0,29,3,2000,321
10530821,1,52,2879,"1_144_04_09_2003","1_14",32.514766,-106.76953,0,4,9,2003,321
10530822,1,0,2879,"1_144_04_17_1997","1_14",32.514766,-106.76953,0,17,4,1997,321
10530823,1,37,2879,"1_144_04_20_1998","1_14",32.514766,-106.76953,0,20,4,1998,321
10530824,1,55,2879,"1_144_10_06_1999","1_14",32.514766,-106.76953,0,10,6,1999,321
10530825,1,56,2879,"1_80_04_07_2005","1_80",32.514786,-106.769842,0,4,7,2005,321
10530826,1,29,2879,"1_80_10_08_1999","1_80",32.514786,-106.769842,0,10,8,1999,321
10530827,1,42,2879,"1_80_10_09_2001","1_80",32.514786,-106.769842,0,10,9,2001,321
10530828,1,36,2879,"1_80_10_09_2007","1_80",32.514786,-106.769842,0,10,9,2007,321
10530829,1,42,2879,"1_46_10_29_1998","1_46",32.514788,-106.770763,0,29,10,1998,321
10530830,1,0,2879,"1_46_11_15_2006","1_46",32.514788,-106.770763,0,15,11,2006,321
10530831,1,48,2879,"1_47_04_20_1999","1_47",32.514788,-106.770763,0,20,4,1999,321
10530832,1,0,2879,"1_47_10_07_1999","1_47",32.514788,-106.770763,0,10,7,1999,321
10530833,1,0,2879,"1_47_10_11_2007","1_47",32.514788,-106.770763,0,10,11,2007,321
10530834,1,33,2879,"1_47_10_26_1995","1_47",32.514788,-106.770763,0,26,10,1995,321
10530835,1,44,2879,"1_47_10_28_1997","1_47",32.514788,-106.770763,0,28,10,1997,321
10530836,1,0,2879,"1_47_10_29_1997","1_47",32.514788,-106.770763,0,29,10,1997,321
10530837,1,0,2879,"1_47_10_29_1997","1_47",32.514788,-106.770763,0,29,10,1997,321
10530838,1,0,2879,"1_48_03_23_2001","1_48",32.514788,-106.770763,0,23,3,2001,321
10530839,1,53,2879,"1_48_03_29_2000","1_48",32.514788,-106.770763,0,29,3,2000,321
10530840,1,0,2879,"1_48_04_09_2003","1_48",32.514788,-106.770763,0,4,9,2003,321
